A0A0B4LG94	O76922
P28465	Q9VC32
Q9VE58	Q9W0Z5
Q9VE58	Q9VGQ0
Q9VL60	Q9VPW4
Q9W1S6	Q86NP5
P51592	Q0KHQ5
P06002	A8DYF7
Q9VUX2	Q9W038
Q07152	Q9VVU6
A1ZAM7	Q9V3T9
P82147	P18091
Q9Y134	P20232
Q9VI93	P08985
Q9VQA0	Q7KT73
P07486	Q7KVB0
Q6AWJ9	P53501
Q9VT57	Q7KVX6
Q9VDJ9	Q7K4G8
Q8T498	Q9VLD6
P40807	Q8IRD3
Q9W256	Q9W1A8
Q9VUR3	Q9VKJ4
Q24567	P02836
Q9VZ77	Q9VXQ0
Q9VAJ2	Q9VNA8
Q9W0N7	Q24592
Q9W1U3	Q9VWW1
P07764	Q9VRJ2
P29742	P48608
P20354	Q9VB83
P55162	Q9VIU7
Q8INB8	Q9VS66
Q7K2I4	Q9VDI3
Q9W484	O46308
M9MRJ4	Q9VUB4
M9PGZ8	Q9VZJ9
Q7YU24	Q9W3X7
Q7KPA5	P29327
Q9VZD2	Q24523
Q9V9P3	Q4ABK3
P06742	Q9VT59
M9PCY6	P25160
Q9VJG8	Q9VXJ0
Q9VIJ5	Q95TU2
Q9VTY6	A1Z6P3
Q9I7U4	Q9VR52
M9MS40	P05031
Q9I7T1	E1JIQ7
A8DY77	Q9W5G3
Q01637	Q9VYT4
Q9VVE8	Q95T35
Q9W272	Q9VB14
Q9VGK3	P54357
Q9VWR1	P15425
Q9VG26	Q7KUX2
A0A0B4KF69	Q9VFT3
Q9VE06	Q9VYN3
Q9VFE4	Q9VIJ9
Q9VSR5	Q9W0P2
A1ZB63	Q7JQR3
Q8MLQ7	Q9VL07
A1ZA39	A1ZBU1
P20007	Q8T4H8
Q9VS62	Q7K7A9
Q9Y106	P29673
Q9VY33	A1Z847
Q94535	Q24207
Q9W0V1	Q9VCA8
P48810	Q9VUC3
Q9W1Z4	Q8IRY7
Q9VX36	Q9V9E3
Q9W256	Q9VM74
Q9XYQ2	Q9VWL5
Q9VLW7	P47980
Q9VKY8	Q9VCI0
Q9VWS8	P50536
A0A0C4DHC8	Q9VUL8
P38979	Q9W2E9
Q9VHD0	Q9VIP4
P28466	Q7KSE4
Q7PLL3	Q9VHL2
A1ZAB1	B7Z0E0
Q9VXD9	H0RNK3
Q8MS38	Q7JQT9
Q9W2P0	Q9VIE0
Q7KLW9	Q9VZF5
Q9VR42	Q9VHV8
Q9VVA1	Q9VWE9
Q9W2I0	Q9VA54
Q9VXP8	Q9VQA4
P18289	Q9VW27
Q9VH18	O16810
Q9VXN0	Q8IQN1
Q9VTS1	Q9VMN4
Q9VK55	Q9VYP5
Q9VG97	Q7K2S9
Q9VBU8	Q9VPP9
A0A0B4K6E6	B6JUP5
Q9VUL1	Q9W4X8
Q9VYD5	Q8IQG9
Q9VUQ5	Q9VM15
M9NFH8	Q95TF4
Q9VJP6	Q4ABK3
Q9VII8	Q9VJY8
Q70PP2	Q9VI75
Q24169	A1Z9N6
Q9VW54	Q8SZP2
Q9VH81	Q2PDU0
Q9VEP9	P35875
Q9VN64	Q9VED6
P06603	Q9W1T1
Q9VT33	Q7K157
Q9VS22	Q9VZB4
A1ZBX4	Q9W1E5
Q7KNF1	Q9VF83
Q7JZ53	Q9VJ62
Q9VRT9	Q9W3N0
Q9VVS5	Q9W397
Q9W385	Q9VQH2
P47980	P54367
Q02280	Q9VQR3
Q9W569	O77259
Q9W168	Q9W3R3
Q8MLV9	Q9VXC8
P29310	Q8IQ27
Q9V397	Q9VSH3
O18413	M9NEH9
A1ZAC4	A8QI34
Q9VNX0	O76742
Q7JVH6	Q27869
Q9VH98	Q9VDC4
Q7KSE4	Q9VEC5
Q9V3G1	Q9V3L7
Q94517	Q9VRQ6
P33085	Q7K0V7
Q7K0L2	Q9VSK8
Q8IQF1	P41572
Q7KTS4	Q9W4Q1
Q9V422	Q9W2C1
Q9W450	Q9U4U5
Q9VJ19	Q9V3Z4
Q9VIM0	Q9VMD2
Q9VY93	Q8INI8
Q9W1T0	Q9VQ16
Q9VBT7	Q9VRK8
Q9XZ56	Q7KVW2
Q9VFE6	Q9VPK7
Q09332	Q9W0M4
O02194	P07668
A1Z6Z8	Q7KIN0
Q9W289	A1Z6W3
Q4V3X2	P08175
Q9VL25	Q7JUY8
M9PF00	M9PEP2
Q9W4B0	Q9W1V2
P46150	M9PGK7
Q9VV59	Q9VCH1
P28518	M9MRW0
Q23977	Q7JWX3
Q8INZ8	Q8IMY2
Q9W470	P52656
B7Z0B0	P06604
Q9VQT7	Q9VL71
Q9W3D3	Q9VS89
Q9VUB3	Q8IMU0
M9NEC7	Q9W457
Q6IDH2	Q9VIT0
Q9W3Y5	Q9VPF6
Q24168	Q9W4Q1
Q8T415	Q9W144
Q9VA60	Q8MSB1
Q9VZD8	Q9VT67
Q8T4C4	Q9VX77
Q04688	O96433
Q7JVI6	O02195
Q9W088	Q9W252
Q6Q7I9	P09089
Q4V6J1	Q8T3U2
P41374	P49846
Q9VFL5	Q9VVT6
Q27575	Q9VBM1
Q86BP6	Q9VVA1
P06603	Q8SWX6
Q8IQG9	Q9VPS5
Q9VXQ0	O46072
P48555	Q9VCQ6
Q9VT96	Q9VGA1
Q86BK8	Q9VAT1
A1ZBW6	P19018
Q9VAY7	Q8IPA8
Q7KN61	Q7KTI0
B7YZF8	Q7KLE5
P45889	B7Z002
P25439	Q9VX15
M9PI06	P29843
Q9VM75	Q9V466
Q9VE51	Q9VKJ3
Q9VGC5	Q9VCI3
E1JGL8	Q9VKV8
Q9VFS5	Q5U127
Q9V9P6	Q9VD58
Q9VZL6	Q7JW07
Q9VI40	Q86BM2
P09491	Q95RA8
A0A0B4JCZ8	Q24567
Q9VVI0	A0A1Z1CGZ4
Q9W2U2	Q05856
P12982	P49846
Q9VIK3	Q9VTA7
Q9VSF4	Q29QN4
Q9VF26	Q9VDZ4
Q07327	Q03751
Q9VCH8	Q05547
Q500X4	A1Z777
Q24168	Q9Y1T2
Q9W2U2	Q9U3Z7
P52654	Q8SYL0
H9XVM3	A1ZAV1
A1ZBX0	Q9VGY1
A1Z9S1	Q9VPJ1
Q9VVM0	Q95WY3
Q8IPZ7	Q9VTC1
Q9VE86	Q8MLR5
Q9VJP1	Q9V3D0
P18106	Q9W281
Q8SXF0	Q9W1G7
Q9VCW6	O76339
Q9W2H0	O96532
P05303	P22700
Q9VA09	Q9VHH9
O76994	P25167
Q9VHT5	O97125
Q5U0V7	Q9VXV9
Q8IPJ4	P40423
Q9VBP5	Q7K4G8
Q9V452	Q9VNH1
P91623	Q8IQE9
Q7JMV3	Q8MQJ7
Q9VH48	Q8MKW7
P28166	A1Z9J3
Q7K4Z4	A0A0B4K6Y7
Q9V4S8	Q9V3Y0
Q9VCS2	Q9VYS5
Q9W3P6	Q9VCN4
O18381	P09077
Q9VSY6	Q9VSK6
Q9W4P0	Q9V3N6
P36975	Q6IKI1
Q2PE08	Q9VIP9
Q00637	Q9W1B5
Q9VB52	Q95TJ9
Q9VEG5	Q9VFF6
Q9VSD6	Q9VVU2
Q9VA45	D0IQL1
P45891	Q9VEJ3
P40304	Q9VEJ0
P20028	Q9VI10
Q7PLL6	Q9VKB4
Q9VX91	P83101
Q8INI8	Q9VGZ3
Q9VGU5	Q9V3M2
Q9VXG1	Q07DP5
Q0KI06	P19889
Q9VGX6	Q9W401
Q9VZU0	Q9VRA2
Q9VNH5	Q9VZE7
Q9W102	Q7KSM5
Q9XZ19	P43332
Q24404	Q9W135
Q9W3V3	Q9VFP2
Q7JQV9	P35415
Q9VTR6	P10627
P45891	Q9VF16
Q9VTG5	O61267
Q9VR53	Q9VJW5
Q9VAM5	Q8IRR5
Q24207	A0A0B4JCX5
Q9VT33	Q9VGN9
A1Z9T6	Q8MLQ8
Q9W170	Q9VFY3
A0A0B4K7L9	Q8IPE7
Q9W1S5	Q9VNJ3
Q9VNA5	Q960M4
Q9VIJ0	Q9VPT2
Q7KTI0	Q9I7R5
O46036	M9NDI3
Q00168	P12080
Q9VXZ0	Q9VRL3
Q9VV87	Q95WY3
Q8T4C4	Q6AWG9
Q8IN49	P42207
A1ZBW0	Q9V3W6
P15357	Q9VT49
Q9VA09	P48451
Q9V3U7	Q9VMG6
Q9VZS1	A1Z9N7
Q7KT84	Q9W174
Q9W3X7	Q9VA37
A1Z7Q8	Q9VLK3
A8JNS4	Q9VT75
Q9U3Z7	P20227
Q9VCX3	Q7JQT9
Q9W470	Q9U3Z7
Q9VHF6	Q9VBU2
Q9VX74	Q95TZ4
P08736	Q9VQE5
Q70PP2	Q0E949
Q9VRE0	Q9VZE6
Q9XZ19	Q9VW41
Q9VJ04	Q95TV5
O61734	P39572
Q9VZ94	Q8INZ7
Q8I0L0	Q9VC13
Q9VK63	P06606
Q9VVV7	Q9V463
Q7KUE4	P05709
Q7K2U6	Q01643
Q9W5R5	M9MSL3
Q6AWG9	Q9VU34
Q9V3Q1	Q7KT81
Q29QE1	P04388
Q9VAT0	P48607
Q24090	A1Z7K6
P23573	Q9VHP3
Q9VQ22	Q9VGD3
Q01643	A1ZBY4
Q9VJ01	Q9W1S6
Q9TVQ5	Q9VY46
Q7PLI0	Q9VE30
Q9VKT4	A1Z9G3
Q9VXQ5	Q9VAM9
Q8IPS7	Q9V9Z0
Q9VC06	Q9V595
Q9VXC9	Q4V621
Q9VHG8	P91622
A8DYF7	P48591
O16810	Q9VG72
Q8SZ46	P28668
Q9V3Q1	P11584
Q9VAM8	Q9VW08
Q9VQA5	Q9VP41
Q8MQK4	P23573
Q8SX54	Q9VEA0
Q8SXK2	Q9NG98
Q9VI10	Q7JWP9
Q7K490	Q7JWS8
P91634	Q9V9T4
Q9VLN1	P10676
M9PDT9	Q9W4Y2
Q9VPR6	Q86BI9
Q7K049	Q9VLX3
Q2PE14	Q4QPP5
Q9VW37	P40807
Q9V447	Q9VYY2
O61443	P42124
P23023	Q9W3G7
A1Z813	Q9VIP8
Q7K157	Q7K3B9
Q9VCJ8	Q9VA67
Q9VE11	Q95WY3
A1ZAE9	Q9VKS9
A8DZ29	A1ZBY3
Q9W3S0	Q9W098
P82891	B7Z0E0
Q9VM69	Q9W5N2
Q7KSN8	A1Z9G9
Q9VK51	Q961I8
P18537	Q94517
Q9W0S3	Q9VH79
Q9VCU9	Q9VKQ3
P84029	Q24256
A1Z7S0	Q9VVA9
P36179	Q9VJD1
Q9I7J2	Q2MGL3
Q9VKA9	A1ZA44
Q9VG45	Q8I8U7
Q9VJA9	Q9VHX0
P09615	Q9V3X5
Q9VIP8	M9PBE2
Q9VYS3	A1ZBW0
Q95R35	Q9VKZ5
Q9VQL6	Q9VMD3
P29310	Q8IRD1
Q9VTN3	Q9VAZ1
Q27884	Q9W1Z4
Q9VQB4	A8E6R2
Q9VVK4	P16909
Q8IRD3	Q7JQW6
Q9W4B0	Q9VD65
M9MSL3	Q9W3Y7
Q9VIU0	P13097
Q8SZA8	C7LAE5
P47825	Q24312
Q9W3Q0	A1ZAN6
Q7KUT2	Q8MLS1
Q9VMT1	P40946
Q0E9B6	Q9VRQ1
Q9V3K9	P00967
Q7KLI1	P27619
Q9VI69	Q9VDG2
P48809	Q9W3S4
Q9V895	Q9VNB9
Q9VAM5	Q9VQE8
Q9VTH4	Q9VE61
Q9VPY2	Q9VLM8
Q9VAX8	Q7K0D3
Q9W0L7	Q9VTH9
P18106	Q9V4F4
Q9VGH7	Q9VTP0
Q9V395	Q9VGS8
Q9VHN7	A1ZBE9
Q9VAQ5	Q8MLV1
Q9W3Y3	Q9VWS2
Q9VEB1	Q9W5W8
A1ZAD2	Q9VQD7
Q7YU01	Q9VJW9
P26802	Q9VKV5
Q9VT84	Q9VSY3
A1ZAJ2	Q7KND8
Q9VC99	P22816
P53403	Q8IRH2
Q9VRS0	A1Z9K8
O18640	Q9VM75
Q9VNW7	Q24560
Q9VBP3	Q7K2G1
Q9VKG2	Q9W1H0
Q9VFF6	Q9VQ02
A0A0B4K7R8	Q9W2L2
Q9VHN7	P02574
Q9V3V0	Q9VQK5
Q9VEX6	Q9VFE6
Q9W465	Q9VTI3
A1ZBY1	Q9VT65
P40945	Q8SZ63
Q9VLW3	A1Z8V5
Q9W095	Q9VL58
Q27237	Q8IRR0
Q9W394	Q9VFP9
Q95TU2	Q9VK59
Q9VAX8	Q9VQR3
Q9VTF8	Q5U117
P23128	Q8SZ15
P16371	Q9VFF2
P40417	Q9W0N7
Q9VRL1	Q7K148
Q9VW85	P29310
M9PEH8	A1Z7K9
Q9VCF4	Q7JZ62
Q8MLN3	Q8T970
Q9VBM1	Q9VA28
Q9VNL3	P20348
P91928	P07487
Q9VQP0	Q9VWQ2
Q4V5I9	Q9VXY5
Q9VU49	Q9VA81
Q8IR43	Q7K2U8
M9MSL3	Q9VJH2
Q9VDE4	P18053
Q9VQE5	O76932
Q9VAG5	Q9VC87
Q9VLC0	Q7K0T7
Q24266	Q9VTX7
Q9W3U0	Q9VA94
Q5LJZ2	Q8IPY9
B7Z043	A8JV00
P45889	Q9VMX6
Q9VCE0	A1Z713
Q94527	P52486
Q9VQX4	P05990
Q9VYN3	A1Z9F8
O18475	Q9V3T9
P83101	P23572
Q9W5B5	Q9GU54
P54399	Q9VLQ1
Q7JUS1	Q9W2X7
Q9VK33	Q8IMP6
Q9VEA5	Q8SYG3
Q9VNA5	Q9VHG1
P21187	Q8IQE9
Q9VFJ2	Q24568
Q7JQL2	P35992
Q8IMH2	Q9VEQ6
Q9W470	Q9VW53
Q9VAW6	Q8T4C4
P49866	Q7JZB1
Q24044	P51592
O96532	Q9VNC4
Q9VU39	Q9VLU5
Q9VK33	Q9W4X1
Q9VB58	Q9W172
Q27297	Q9W1V1
Q8IQV0	Q9VEP6
P56538	P10735
H9XVN1	Q9VKY2
P23380	Q8MSF5
Q9VFF0	Q9XZJ4
P06601	Q6NP91
A1Z9G4	Q8T3Q4
Q9VH96	Q8IMQ2
Q9VAI0	Q9VWH8
Q9W5X9	Q8IPD2
Q9VVC9	Q9VWI2
P45975	M9NFF9
Q9VEA9	M9MS40
O96689	Q9V468
Q9VIP8	Q9VUA5
Q7KTA1	Q7K4Z4
Q0KI85	P30052
M9PGI6	P15007
P40807	P23572
Q9VL58	P48462
Q9U915	P09491
Q9VI32	Q9VK14
P48461	Q9VC26
Q9VMQ8	Q0E8N2
O62618	O77424
A1Z7H7	Q9VQ99
Q7KSK2	Q9W484
Q9VX51	Q9VQ11
Q9VUR3	Q9VJE4
Q9V3S3	Q9W1U8
Q9V3Y0	Q9VBA1
Q9VZ85	Q7KRZ3
Q9W1J0	A1Z707
Q9VJ87	Q24311
Q9VQA2	Q9VZS0
Q9VM37	Q9NBK5
P61851	O77424
Q9VIQ0	Q9VG28
Q9W4N8	Q8IP97
Q9W4H9	Q9W230
Q9VWR1	Q9VK14
A1ZBF1	O76460
Q9VY83	Q86BM0
Q0E8E8	A1Z6N2
P61849	A1Z847
Q7K159	Q8SXP1
Q9W1V1	P41042
Q8INI8	Q9NG98
Q9VKN7	Q9VCZ5
P83101	Q9VT21
Q494G8	Q9V9X8
E1JHT6	Q8MQS4
Q9VCD8	P18171
Q9VVU8	Q9W4M0
Q9VCH8	M9PGZ8
Q86BI9	Q9VDS7
A8JPX0	Q8SXP0
Q9W362	Q9VL71
Q95U54	Q26365
Q9NFT9	Q9VED6
Q8IQG3	A0A0B4JCU3
Q27571	Q9VQQ0
P48605	Q9VV41
Q7PLP5	Q9VTS3
Q9VHA9	Q9VHH9
Q9VNX1	Q9VBP5
Q9W139	Q9VFM3
Q7JW03	Q9VE61
M9PD30	Q8MLW4
Q9VNH2	E1JIX4
Q9VNM1	Q9VV74
Q9VVD0	Q9VE80
Q9VQK7	Q9VIE7
Q9VB70	Q7K4D1
P32392	Q9VG22
P92177	Q7KRY6
Q8SXY6	Q24439
Q9VLC5	Q9VKB8
Q8IQR9	Q9VPM3
P17644	P25008
Q9XYR0	Q9VFC1
Q9VR52	V9H0I1
Q9W2N0	Q8MST3
M9PG80	Q8IRI6
Q9V3T9	P40423
M9PHY7	Q9W596
Q8T485	Q9VDM6
M9PI93	Q7KRS1
Q9VQH0	Q9W4L0
Q9VG07	Q9VR81
P50882	Q8IMK0
Q9VI74	Q9VUC3
Q95RI2	Q9VUM1
Q9W354	B7Z0N9
Q9VGB8	C0HKF7
A1ZB91	Q7KVR8
Q9V9J3	A1Z7Q8
D3DML7	A1ZA87
Q9W5N2	Q05825
Q9W3M8	A0A0B4KH14
Q8T3V6	Q9VRL0
Q9VJC3	Q8T415
Q4AB27	Q01583
Q9W1F6	Q9W060
Q8T4G7	Q8MR63
Q9NGK5	Q7JR83
E8NHA2	Q6NN55
Q7KUZ5	Q9VDT9
Q9VZP2	A8JUR0
Q9VAX8	Q9VH81
Q7KTP7	Q9V9R3
Q7KVX1	Q9VGZ3
Q9VL05	Q03720
Q24145	Q9XZ32
Q8IPM2	O76902
Q8INX9	Q8IMV4
Q9VQA2	A1ZBT8
Q9VRS7	A1ZAG9
A1Z9B0	Q9VJ17
X2JG79	Q9VVG9
Q8IR48	Q9VU17
O46089	Q9VRJ0
Q9VU93	Q8MME3
Q9VXE3	Q9XZ16
Q9VTE7	Q961Q9
P07487	Q9VXR8
Q7K157	Q02748
Q9VFS8	Q9VIT0
Q9VI33	Q8IP17
P40421	P42286
Q8IRG6	Q9VMD0
Q9W0V1	Q9VJD1
Q9VEQ5	Q9VQS0
Q9VW51	Q9VVZ0
P18502	Q7JNL9
Q9VFM5	A8DYV1
Q7KSB5	Q9W022
A1Z7K2	Q9W3A7
Q494G8	Q9W4T4
Q9VFT3	Q9VBZ6
O18413	Q9VVV4
Q9NHX0	Q9VYQ3
Q9VNB7	P91623
Q9VT31	Q9VNF4
Q9VGC7	Q7JYP8
Q7K4D1	Q0KI98
Q9VQH8	A1Z7C5
Q03445	P08841
Q9VW71	Q9VZF4
Q9W1F7	Q9VX36
Q8IND4	Q9VEV3
Q7KSU3	M9NGC6
Q9VQ25	Q8T6B9
A8JNI2	Q8IMX4
P42570	Q9VQJ0
B5RJJ4	Q9U9Q1
Q9V4F4	P14199
Q8T3W6	Q9VED2
Q9W4X1	Q8T4D6
Q9V9T4	Q24175
A1Z7P3	Q9VXP3
Q9W4I5	Q9VZW6
Q9VNE8	Q9W0N7
Q9VMJ7	A8JPX0
Q9VK96	Q9VGY8
Q7KN61	Q7JPB9
P23257	Q8IMC6
Q9VXU3	A8JRE3
Q24025	A1ZBR2
Q9VGS3	Q9VNC1
Q9VUS0	Q8MLV1
Q9VFQ3	P09774
Q9V6U8	Q27297
Q9VJ01	Q9VVF0
Q9W149	Q7JQN4
O16117	Q9VCR7
Q9W1J7	Q9VKP4
Q8IRE5	Q86B80
Q24090	M9NFF9
P41596	Q9VWE6
Q9VGD3	Q9VP43
Q9VG44	Q9VFV9
Q9W0N7	Q9V9J3
Q9VQ14	Q9W2F6
A0A0B4K5Z8	Q7KN90
Q8IP45	Q9VJW1
Q9VJG2	Q9VGE4
Q7K012	Q8MSJ9
O62526	P17704
A1ZB70	P05389
Q9VJC2	Q9VJ17
Q9VRX3	Q9VAU5
Q24572	Q9VJG2
Q7YZ95	Q9V3Q6
Q9VBM8	Q9VB58
Q9VL92	Q9VDC2
Q9VP87	Q9VJ32
Q9W465	Q9VZX0
P34082	Q9VHV8
Q9VTV2	Q9VXC5
Q9VM33	Q9VDG0
Q8IRZ1	D2A6L8
B7YZH2	Q960N3
Q9VB11	Q4V622
P14599	Q9VT24
P39413	P09774
Q9VSI1	Q9W0L7
Q23978	A0A0B4K7R8
P83101	Q8IQM1
A8Y535	Q9VA18
Q9VVC9	Q9VQK5
Q9VEZ5	Q9VKC7
Q9VYS3	Q7KVP9
Q9W3V9	P10987
Q9VM69	Q9VMX6
M9NGY4	Q2PDP6
Q9VPK4	Q9W124
Q9VWM3	Q9VI40
P49846	Q9V3E9
Q9VD62	Q9VTI5
Q24459	Q9XYU1
Q9W256	Q9VM95
Q8T4A9	Q9VT33
Q9V3H8	Q9VVX4
Q9VMG8	Q9W2K0
Q8IRX1	Q9VFQ4
Q9VL05	Q9VTZ1
Q9VYG8	E1JHQ6
Q27571	Q8T0N5
Q7K561	Q94546
Q9VAD4	Q9W2P5
Q9W1H4	Q8WS79
Q8MST3	Q9VW64
Q9VNT5	Q9VRJ1
Q8SX76	O18413
Q9VK60	Q9VL66
Q9W0D6	E1JIZ9
Q9VEK6	Q9VL32
M9PEW1	Q9VZF1
Q9VFP9	A1Z913
Q9W0R0	A1ZAJ2
P08111	P46863
Q9VXG8	Q1LZ08
Q9W2W2	Q9VTH9
Q9VWY8	Q9VC93
Q9VIH1	Q9W4V8
Q8T4G7	Q7KGG1
Q9VSX7	Q86BY9
Q4V6I0	Q9VIY3
Q7KLG8	A1ZAT5
Q27331	Q95028
Q9VVF2	Q9I7P2
Q7K0D3	Q9VQJ7
Q9VGF5	Q9VF33
Q27580	Q24574
Q7KLE5	Q7KY04
Q7JVG2	O76511
A1Z7M7	A8JQZ4
Q9VTH9	Q9VVH0
Q9VLL7	Q9I7T6
Q00637	Q9VYW6
Q9VLA2	Q02936
R9PY49	Q9VZW4
Q86BA8	Q9VQP5
A0A0B4KHK1	Q9VEC8
Q9VHV8	Q4V5H8
Q7K0A0	Q8IP77
Q7KTX8	P51123
Q9VF15	Q9VE17
O18381	Q8T4A5
Q8SWX6	Q9VGU7
A1Z9F4	Q9VAQ1
Q9VBC7	Q9W1H5
Q9VI15	P48603
Q9W3J9	Q9VFK6
P08175	Q9VU29
Q9VAM9	Q9VZF6
Q9VWR1	Q7JWS8
Q7JWR9	Q9VCA5
P23696	Q9V393
B7Z0B2	A0A0B4KEE7
Q9W4E0	Q7JY31
Q9VAT8	B4ZJA2
Q7KU18	Q9VFL4
Q4QPR8	Q9VMQ9
A8JUP7	B7YZU2
P18106	Q2PDP6
Q8SWU7	Q8SY39
Q7KNF1	Q7JUR5
O02002	Q9VW59
Q9W4E2	P29993
Q9VRK8	Q8IQV4
Q9V674	Q9VG58
P48555	Q7KTS4
Q9W161	Q8T4F2
Q9VJZ6	Q9VHS8
Q2PDT4	Q9VKY2
Q9VGK3	Q9W3K8
Q9W2D6	Q9V439
Q9VQ75	Q8T429
A8JQV3	P14599
Q8MRW1	P49963
P25167	Q9U5W9
Q0KHN6	Q9VT89
Q9VFY1	Q9VGD7
Q9VCQ6	P40793
Q9VX43	Q9VYW7
Q961D3	Q00963
Q9VXB7	Q9VQE3
Q9VJM1	Q9VP41
Q9VFY9	Q7K1H5
H9XVN1	Q95TN1
Q9W0H9	Q7K1Q7
Q9I7L9	Q9VJU2
Q9VEQ5	P61857
Q86P48	Q9VK34
P07188	Q9V3D2
Q9VAY6	Q7KUA4
Q9VVL1	Q9V4K2
Q9W0Z1	P09208
Q8T6B9	M9PG80
Q9VU17	Q9Y119
Q9VLL0	Q9W148
Q9VKZ1	Q9W1H8
Q9VL70	Q9VBK1
Q9V9S8	Q9VFB3
Q9VL32	B7Z0Q8
Q9VZP2	Q9VZU7
Q9VZU7	Q9VCD3
Q9VRX3	Q9W170
D5AEK7	Q9VDD2
Q27237	Q9VED8
Q9VS22	P91940
Q9VHD0	Q24314
Q70PP2	P49846
Q8T498	Q7K0T7
Q9VD59	Q8IMS7
Q9VC63	Q00963
Q9VIZ2	Q9VVE0
Q6NQY9	M9NGC6
Q9Y1A3	Q9W402
P04052	Q7K4L8
Q9VTH0	Q9VGA1
P16621	Q9V3I8
Q9VZN5	Q7JY68
Q9VMK2	Q9V4A7
Q9VBU8	E0A9E1
Q9VUG4	P45891
Q9W473	Q7K0X9
Q9VUF8	A1Z746
Q9VDJ9	B7YZL9
Q9V998	Q8IPD6
D5AEK7	A1ZA77
Q9VTL0	Q9VFN5
Q9W4J2	Q9W098
Q9VQE6	Q9VE73
Q9VKT1	P16911
Q9V3W7	Q8IRJ7
Q9VLB9	Q2PDV5
Q9VSL1	Q8SXX2
Q9V3D0	Q9VCZ8
A1Z6P8	Q9VRJ3
Q8T4F7	Q9V491
Q7K0W0	Q9VDZ4
Q27591	P91931
P0DKM0	Q9VP61
Q7KN79	Q8SXG7
Q9VAA9	A1Z968
Q9U1M2	Q9GYV9
Q9V3U2	Q9VM60
Q9VMW7	Q8SWT2
Q9V6K1	A1Z9D7
O17468	O96827
Q24090	Q4V6Y6
Q7K4B2	Q9VPP5
P54353	P40320
Q9VYB1	Q9VDA0
Q9VTD7	Q9VCQ3
Q9V9W8	Q24533
Q9VFL5	Q9VC28
Q8SWS7	P40792
Q9VB89	Q961J8
P40791	Q9VPW3
P12613	Q9Y0Y5
A0A0B4JCY1	Q9W2P2
Q9VCG4	Q9V3J4
Q9VJM1	Q9VQW0
Q9VPX3	P07909
Q9VC45	O18645
P08181	Q8IRR5
Q8IQM1	Q500X4
Q8T3U2	Q9VVL7
Q9W473	Q9VTS9
Q9VJD0	Q9VQ40
P18486	P20351
Q9VPV8	Q9VE88
P27864	Q9VHT5
Q9W3J2	Q9VJ14
Q9VJT3	Q8IMY2
P13706	A1Z995
Q9V5C6	Q9VS00
Q9VCC0	P29843
Q9V3I8	Q9VUR2
Q9VDC1	Q9VFE3
Q9VT48	O96860
P10676	Q9VPR6
Q24106	O96690
A0A0B4JCZ8	Q9U6L4
P32866	Q8INF7
A1Z898	Q9VE09
Q9VJD4	Q9VQ13
Q9VUI0	Q9VQJ0
Q9VRY6	P55162
Q9VTZ6	Q95TL8
Q27601	A1ZAW7
Q9VW72	Q4V424
Q9V393	P15278
Q9W058	Q95TY8
B7YZT5	Q99323
Q9VW66	Q29QL9
M9PGG8	Q9W1M2
Q8IN78	Q9V9X4
Q9VXW3	Q9VZ23
Q9V3C4	P51023
Q9W0B8	Q9VM69
Q8IR79	Q9VIM5
Q8T908	P20349
A1ZA22	P50245
Q7K3D8	Q9VDV2
Q24298	Q9VWA1
M9MSL3	P37161
P55841	P23128
Q9VBH7	Q9VDC1
Q9VQA5	Q9VK52
Q8IP90	Q9W362
P13095	P14003
Q8IN25	Q7JR58
Q9VZK2	P20350
Q9W468	P48451
Q9W420	Q9W3D1
Q9VHA4	Q9XTP7
Q9VKW3	Q7KUZ2
Q9VRP9	A1ZAK1
P05990	Q9VJS8
Q7KV62	A1Z8V0
P19334	Q9VE09
Q0KIB3	P48375
A1Z8W8	A1Z7T0
A1Z9E2	Q7KMI3
Q9VXF1	Q8IMI2
Q9W0R8	Q7Z020
Q9VR91	Q8IMY3
Q9W1H7	Q24248
Q9V6Y3	Q9VJ19
A1Z9X0	Q9VMY8
Q9VG09	Q24062
P16911	Q8IMF4
A1Z9Q9	Q9VXV9
Q9VF16	Q9VYU8
Q9W139	A4UZL3
P83101	Q9VAW7
Q9VE51	Q7K0D3
Q9VGP6	Q9VKD6
Q9V3W1	Q8T8R1
Q9W396	Q7KTW3
Q9VYU8	M9NFF9
Q9W0Q0	A0A0B4K6I6
Q9W011	Q9VWG3
Q4V3Z5	Q7KN61
Q9VZB5	M9PF20
Q0KHZ9	Q9W2U5
Q7K110	Q7KLV9
A1Z777	Q27575
Q9V3N6	Q9VJW1
Q9V3C5	Q9VHJ2
Q9VFS1	M9ND00
Q9VRT2	Q8IRK5
Q9I7Q9	Q9VRJ9
Q4ABD8	Q9VYA7
M9PHS8	Q9VIP7
Q4V6F6	Q9W1D3
Q9VI05	Q9VLC9
Q9BJZ5	Q76NP9
P54399	Q9VAV2
Q9VHP0	Q9I7H8
Q9W555	Q95TV5
B6JUP5	Q9W246
Q9VAI1	P08266
A0A0B4KGT8	Q9VAV5
Q8IRL9	Q9VEZ3
P31409	Q9W2A0
P08646	P05084
P15619	Q9VKX2
Q9VKW3	Q9I7I0
Q9VD51	Q9W086
Q24208	Q05547
A1Z6X6	Q9W2H8
Q9NFT7	M9PEE6
Q9VSE7	Q9W2J7
P52034	Q4V6M1
Q9VX34	A1ZB29
Q9VP79	Q03720
P31009	P25991
Q7JX41	Q9VXX1
Q7KN62	P20227
Q9VSI1	Q9VZE6
Q9VWR0	Q9W4M0
A0A0B4K7C1	M9PG15
Q0KHZ6	Q9VCC6
Q9VTN9	Q9W1V1
Q7JRE4	A8DY81
Q9VRI0	Q9VU67
Q9VWW4	O61444
Q9VVH5	Q9GU54
M9PCZ8	Q9VJW5
Q9VT57	Q9VHC7
Q6NR36	A1Z7Q8
Q9VG04	Q9VZP5
Q9VUQ9	Q9VPK5
Q9VRN6	Q24338
Q9VNK8	Q4QPY7
P82910	Q9W3P5
A1Z9G6	Q7JY07
Q9VZY0	Q9W3F4
Q9VDW7	Q7JWW6
Q8INR8	Q9VLI3
Q27607	Q9VVK8
O97125	Q8IMS5
P05049	Q9W314
Q9VE18	P02283
Q9VD09	Q7K4C7
Q9VF50	Q9VXQ3
Q9VUR3	Q9VE04
Q8I8U7	Q9VHC5
Q9VL34	Q9VGY2
Q7KHI6	Q7JUF2
Q9VFY6	E1JIQ7
Q9VW72	Q6IHY4
Q9VL65	E0A9E1
Q9VD07	Q9VNX1
Q9VID4	P08985
P23696	Q8SZ30
Q9VWN5	A8DYA3
Q9VZL3	O16129
Q05344	Q9VH36
Q9VZ08	Q7JVP4
Q0KHR2	A1ZAT5
Q9VJ59	Q7KUD4
Q24256	Q05201
Q9W4L8	A8DYV1
P20153	Q94981
Q9VPN5	Q9VW97
Q9W2I0	A1Z9K8
Q8IR80	A0A0B4KGT8
A8JNX0	P12426
B7Z0B0	Q9VK51
Q9VGN6	Q9VCA9
A1ZAZ6	A1A6Q5
Q7KUD5	A0A0B4KH75
Q9VME2	Q9VP47
Q8IPI4	Q7KT15
Q9VWH7	Q8INL3
Q9VAB9	P12881
Q7K0A2	M9PFR2
Q7KMP8	B7YZH2
Q8IMX7	P35415
Q9VP79	A1Z7P1
Q9VHT5	P82910
Q9V3T8	Q02637
Q9VYX5	Q500Y7
Q9VG93	Q9VKX4
Q8IN25	Q9VNR8
Q9V4D8	Q7KPA5
Q8SZP2	Q8MM24
Q24270	P26308
Q9W547	Q9VGZ3
M9PE54	O76339
Q9VDQ4	Q9V4A7
Q9VB20	Q9VVV2
A1Z8V7	Q8T415
Q9VQ79	Q9VFF3
O44434	Q9VA32
Q7KJA9	P14734
Q9V9X8	Q7K3P6
A1Z8J0	Q9VSK8
Q9VSE8	Q9VIE7
Q9VL89	P20228
Q9VSA3	Q9VE75
Q9VJD6	Q8IPY7
Q9W1U6	Q9VQA5
Q8MSW4	P84040
P08970	P04388
Q9VRT8	Q9VK37
Q9V9S0	Q9VQG2
A1ZAC4	Q9VRN6
Q9W253	P24156
Q9VZU2	M9ND53
Q9W3W8	Q9VTB3
Q9VVV8	Q9VAY2
P18101	Q9VL75
A1ZAM7	Q9Y171
A1Z7K8	Q9VWD4
A8DZ29	Q9Y0H4
Q9V9X4	A1Z8D3
Q9V4Q8	A8QI94
Q9VPK5	Q8INY1
Q7K037	Q8IMY4
Q9VKB3	Q9VL72
Q9W354	Q24560
Q9VFB6	Q9W5R5
Q9NG98	O77059
P17644	Q9VYI0
Q9W1M9	Q9W4X7
Q7JUM3	Q9V463
Q9VHP0	M9MS40
Q961I8	P81900
Q9VB13	Q9VZK1
Q9VWV8	Q9VVC6
Q9W3K6	Q24120
E8NHA2	P07909
Q9I7K5	Q9VCA9
Q8IR79	Q9VYQ8
Q9Y122	Q7JWX3
P09208	Q9VNT5
Q9V3V7	Q9VAI4
Q9VST8	Q9VT59
Q9VH48	Q960G1
Q9VPP7	Q9VU45
Q8IRK8	Q9VR90
A8JQX3	Q4AB57
P13060	E1JIX4
Q04448	Q9W392
Q9VNH2	P41374
Q9VLL7	Q8INR8
Q9VLU5	Q9VG69
Q9V3W9	Q8T9L5
A1ZAM7	Q8IQM1
Q9VWE8	Q9VPS5
Q8T415	Q6IL75
Q9VJ14	Q9VWD0
Q02360	O61613
P10987	O97159
Q9VPK5	Q9XZU1
Q9VT44	Q7KSN8
P25123	P42787
Q9V4P1	Q24572
P18053	Q7KNF2
P25991	O61305
Q9VGM1	Q9VYQ8
Q9W1U4	Q9W240
Q9U9Q4	Q8IQ27
Q7K0D8	Q9VCY1
Q9W0C4	O76895
Q9VXT0	O76339
Q9VTF8	A1Z7X7
P41900	Q9V433
Q8SXT3	M9PIM3
Q9VBM1	Q9VNK1
Q9VWQ1	Q8T8W2
Q7K2W6	A0A0B4K6Y7
D6W4U0	Q9VL87
Q9VKQ7	Q05783
Q9W2R1	Q9W0M0
Q24558	Q24306
Q9U6L5	Q24536
Q86BL6	Q03043
Q9VJA9	P19109
Q9VWH9	Q9VNG6
Q0KHQ5	A0A0B4KG59
P54733	Q9W2P0
P09615	Q9VE55
Q9VLW7	B7YZT5
Q9V3D5	Q7JYQ4
Q9VWH4	P09180
Q9V411	Q9VW72
Q9V3A7	Q9GYU7
Q9VQJ7	Q9VNX1
Q8IP19	P13368
Q9VXC7	Q9VT23
P23128	Q9W2Y4
Q9VWK8	Q9VCF8
Q9VPP5	Q7KKH3
Q9VWN3	Q9W5X6
Q9VQA6	Q9VGT9
Q6NLJ5	Q6IH01
Q95083	Q24048
P27864	A8DYA6
Q7JVI6	Q9VUN3
Q9VVT8	Q9VRH6
Q9VRS0	Q7K3L1
Q7JXA8	P20227
Q7JWR9	Q9VK63
Q9VUR4	C9QPE7
Q8T4C4	Q9W3J0
Q9VIY5	P10105
Q99323	Q5LJP0
Q9VIS7	O97102
M9MRN8	Q9VZZ4
A1Z898	Q7JUS9
Q9VFQ4	Q99323
Q8MSL1	Q9VIL6
Q6IJ53	Q9VEG5
P32030	P29776
C9QPE7	Q95RI2
P45891	Q9W3Y4
Q9VQA6	Q8IMG8
A0A0B4KFF2	Q9VUF0
Q9VCJ6	Q961W9
A1Z9V3	Q95U38
Q9VM72	Q7JRH5
Q9VFR0	Q9VTF8
Q9VRX3	Q9VU29
Q9V333	Q9VVU6
Q9XZS9	Q9VBI1
Q9W0D2	P04052
Q8IND5	A1Z6L9
Q9W1Z4	Q0E9G3
Q9VJ12	P02833
Q9I7U4	P21520
P08879	Q9VFE4
Q9VU36	Q9XZS3
P48554	Q8MS38
Q9W550	Q9W3Y7
Q7JVR7	Q9VZC8
Q9W068	Q9VZF0
Q9W5W7	A1ZAE9
A1Z8S4	Q9I7D3
Q9VJR9	Q9VVF0
Q9I7W5	Q9VP85
Q9VQJ0	Q9VI24
Q9VZX0	Q9VUN5
Q9VST8	Q9VS54
Q9VA25	Q9W1Z9
Q9W1M9	Q9W424
Q9VUM3	Q7K110
P20478	Q8MRM0
Q00963	P14318
Q9VXG8	Q9VCU6
A1Z8V7	A1ZAC8
Q9VXR3	P25439
P10981	A1Z934
Q8IRJ7	O76932
Q9VGK7	Q8SYY7
A8JR14	B7Z078
Q9VJX1	Q8IND4
Q8T390	P42003
P13060	Q9VFN5
Q9VBK7	Q7K3U4
Q9VT59	O02002
P17336	Q9VN75
Q8T3V6	Q9V9X4
Q8IMZ6	B7Z0M7
Q9VS10	A1ZAW3
Q9VA37	A8JNS4
Q9VG51	Q9VH76
Q0KHZ6	M9PHQ2
P91875	O96433
Q9VGS1	Q8MT77
Q9VIZ0	Q9VVN2
Q9VQE5	Q9VGI6
A0A0B4K859	Q9W5D3
P15348	E1JGL8
Q9VAS9	Q9VCV0
Q9VTE6	Q8IMZ4
Q9VRY0	Q8IQX8
Q9VNZ3	Q9VTM5
A0A0B7P7M6	P08928
Q9VJC7	Q8T0N5
Q9W024	Q9VEA1
Q9VGW6	Q9VLY3
Q24570	Q0E8V6
Q8INW2	D0Z756
Q9VH07	A1Z8J0
A8JUX7	P32866
Q8IQ43	Q9VFY6
Q9V7P1	Q8IPM2
M9PC99	Q9VRV9
P48601	Q9VCA8
A1Z6I7	P40421
P14199	Q7JQV2
P15425	O97125
Q7JWT0	Q9VJN2
Q9VDX9	A1ZBR5
Q9VNW6	Q8MKK4
Q9V8W3	Q94535
P11612	Q8T485
Q9VWR1	A2VEQ2
P29310	A0A0B4K6M2
Q9VCZ0	P02517
Q8T4I5	Q9VKF7
Q9VK34	Q9W0P2
Q9VJW1	O96838
Q9V8M5	Q9VL18
P61209	Q9VIK1
P84029	Q27869
Q9VRT7	Q9VTQ9
Q24317	Q9VZU2
P25153	Q9VEP1
Q23989	A8DYL3
Q9VST2	P05527
P83100	A8JUV3
Q6AWJ9	Q9VPP8
A1Z7P5	Q9VM36
O76464	Q7KVM5
Q9VAC9	P83100
P17133	Q9VNW7
A1Z6K7	Q7PLE6
A1ZBR5	Q9VXX0
P35220	Q967S0
Q03445	Q9VG58
Q9VXK5	Q9VYW4
Q4V671	Q9VHL9
Q01989	Q9VWR1
Q9W5G3	Q86BE9
Q9W0T1	M9NEA1
Q8IP62	Q9VAC4
P45594	B7Z0B0
Q9VU28	Q9VDW5
Q9VA78	A1ZBR3
Q27575	Q8T421
Q9W2N5	Q8MSU4
Q9VQJ8	Q7JQN4
Q9W3Y0	P40301
Q9W1L1	Q9VUY4
Q3YMU0	Q23979
Q9VUN3	Q9VF38
O76521	P05205
Q9VW51	Q9U6M0
Q4V5J3	A0A126GUP6
Q9VGN9	Q9VXN2
Q9V406	P08111
Q8MLN3	Q4LDP4
Q9W4K1	P55824
Q9VF55	Q9VM33
Q4V5A7	Q8MRN4
Q9VY04	Q9VGR2
P08985	Q9VVX0
O96881	E1JJS1
Q9VC64	Q9VMH0
A1ZBF1	Q9VKB3
Q9VB40	Q9VB06
Q9VEN0	Q9VCJ8
Q9VKE2	Q9VTH1
Q9VUW2	Q9VQB4
Q9VYQ3	Q9W4L7
Q9VEJ2	Q9W158
Q9VLI3	Q9VJC6
Q9VFY6	Q8IQ15
Q94515	Q9VBM4
Q8T908	Q8IQJ8
Q7JWS8	Q9V463
Q9VUA0	Q9VRW4
Q9VQX9	Q9VRD9
Q9VWI5	Q7K3P0
Q8INF7	Q9VBE6
Q9V3I5	Q7KU24
Q7KRS1	Q9VTH9
Q0KHU4	Q9VU37
Q9VCE1	Q8IPJ3
Q8IQR3	Q9VJE1
P20477	Q9W245
Q9VBK1	Q9V9T5
O97125	Q9VCI3
Q9W2C8	Q9VAQ2
Q7KVY9	P13368
Q8SWX4	Q9VBR6
Q9VL07	D0UGE6
Q9VK96	Q9VSS7
Q9VGT9	Q9VSF5
Q9VR24	Q9VBH0
Q9W0U6	Q9VLC3
Q9VKK2	Q9VQE9
Q961L4	Q9VZD9
P36975	O76901
Q9VML2	Q7K4L9
Q9VK40	Q9VSP8
Q9VAU5	P48603
Q9VNI3	Q9VZF5
Q9V3V6	Q9VWS1
E1JHB7	A8DY81
O76513	Q8I937
Q9VDJ9	P25439
Q9VFG4	Q9V9P3
Q7JX41	Q9W401
Q7JQ32	Q9VUW4
P29613	Q9VYT4
Q9VMJ7	Q9VDD0
Q9W3Y5	Q9W2N6
P28518	Q9NG98
P49846	Q7K2L1
Q9VB98	P18091
Q8WTC1	P53997
Q9VNK1	Q4V3X2
Q9VAM8	Q8INZ8
P42003	Q9VM46
P25007	Q9VMT2
Q8SXE1	Q9VF15
Q7KPG8	Q9W2E7
Q9VFE6	Q9VIP8
Q9VGQ0	Q86B99
A1Z909	Q27607
E1JJC0	A1Z838
Q24314	Q3ZAN1
Q9W5G7	Q7JWS8
Q7K2W6	Q9VQ62
P40808	P25167
A1ZBY4	Q9VTP8
Q9VD51	Q9V3T8
Q9VU77	Q9VVL8
Q9W0H9	Q7KUT2
Q500Y7	Q9XYN7
Q9VND3	A0A0B4KGG5
Q86BE9	Q9VXZ0
Q9VED6	Q9VWS9
Q9W158	M9NGC6
B7Z0Z5	P30432
Q9VJ19	Q9VDV2
Q7JXZ2	Q9W430
M9PI41	Q9VP06
Q9VSA4	P55824
Q9VKB1	Q7K157
Q9VUJ1	A0A0C4DHN2
Q9VKD3	Q9VY00
Q9I7D3	Q9VU43
Q9VJZ7	Q9VX24
Q9VXM4	Q9VEC8
A0A0B4K609	Q9N2M8
Q9VQ66	Q7JVZ8
Q95TJ9	P43248
Q9VA54	P12426
Q9VY98	Q24039
Q9W0I3	Q9VKT4
P37161	Q9VW94
Q8SWW8	Q9W497
Q9W237	Q9VMU0
Q9VXP5	Q9VBM1
Q9W517	Q9VNP5
P48596	P33085
Q8SXS0	Q7K4B6
Q7KMQ0	A1Z8D0
Q9VY79	Q7KU24
Q9VLN6	Q86BA1
Q9VZY9	Q9W0P5
Q9VM59	Q04448
Q7K4L8	Q9VKC1
P08510	Q9VQT6
Q8IPA1	Q9I7N3
Q9V3Q6	Q9VS71
Q8IRK5	Q9W5U8
Q9VIF6	Q8IPD6
Q24192	Q9VCQ7
Q7KN74	Q9W0P8
Q9W457	Q9VZ64
Q9VIN5	Q9VSS7
Q4QPR8	Q4V621
Q86BP6	Q6AWG9
Q9VKJ1	Q9VSC1
Q9VX98	Q8IPX7
Q9VH94	Q9VA97
Q7JY80	Q9V3P9
B7YZU4	B7Z143
Q7JZ53	P18487
Q9VJR9	Q8T415
Q9W4N8	Q94527
C0HKF7	Q9VRD1
Q9VWB7	Q9W326
P23573	Q9I7L4
Q9V9X3	Q9W0M9
Q9W334	P43332
Q9VQ17	Q9VGK3
Q8INZ7	Q9VK65
Q7KN79	Q9VWF4
Q8MQJ9	Q9V3V0
P41375	Q9VND8
Q9VBM0	Q9VSL8
Q03720	P91621
A0A0B4KG38	Q9V7P1
Q7KMP8	Q0E910
Q9VAY2	Q9VE58
Q9VC32	Q8IR37
Q9VWR0	Q9W1Q0
Q9W0Q2	Q06559
Q9VIJ5	P39018
Q9VDL0	Q9VIV6
M9MSL3	Q9VH76
P16621	Q9VEN2
Q8SY39	Q7KU86
P13709	Q5U0X8
Q9VWM3	A1Z6W3
A4VCL2	Q94524
O18640	Q8SX59
Q7JN06	Q9VJM1
Q9VB23	Q9VHV1
F3YDG4	Q7KIS4
C0MJ66	Q9VVC8
Q9V455	Q9VML1
A1Z823	Q9VDZ7
P29052	Q24400
Q24574	Q961G6
Q0KI85	Q9VFG8
H1UUJ7	Q9VMJ2
P08645	Q9VFD3
P19538	P25172
Q8IRR5	Q9VFF0
H0RNH2	Q9VXR9
A1ZAC8	Q9W1Q0
A8JNS4	O96860
Q9VM74	Q9VZT6
Q9VIH1	Q9VUD8
A1Z8V2	Q9VDJ8
P42124	Q24459
Q9W197	Q9W197
Q7JXF5	Q9VIV7
Q9VHA8	Q9VUL2
P28159	Q02308
B7Z0D3	Q24318
A0A0B4KI27	Q9VDK2
A8DQW8	Q9VAP2
P27398	Q9VN30
Q8IMI8	Q9NCC3
O01367	Q9VAX8
Q9V9Z9	Q9VME1
Q9VNE9	Q9W3D9
A0A0B4JDD0	Q8INI8
O18410	Q9VID4
M9PG80	Q8IQB4
A0A0B4KHZ4	A1Z813
Q9I7L0	Q9VFS8
M9PBE2	Q9VHA9
D3DML3	Q8INC4
O61613	Q9VD05
P07713	Q9XZC2
Q8IPM6	Q9VSZ1
Q7KM13	Q9VRJ9
P23757	P36241
P23647	Q9NHN2
E1JHR0	Q8INQ9
Q9VT31	Q9VXX0
Q9W1E5	Q9W3S4
B7Z150	Q9VVP9
Q27297	Q9V4F9
M9PG08	Q9W1H7
Q95RV6	Q9VBJ9
Q94899	Q9VPD5
P31007	Q7KTX7
P52304	Q9VXJ5
Q9VPS5	Q9VX05
Q7JWW6	Q9VUB3
Q7JR71	Q9VZF9
Q9VVU4	Q9W2K8
C0HKF8	M9PEQ7
Q9VT28	Q9VXR9
Q9VW28	Q9W0B3
Q9VSK9	Q9W2Y0
P10987	Q9VZB1
A0A0B4KHZ4	Q9VK77
Q9VCR6	Q9VNP7
P27781	Q9VEN3
O01382	O76460
Q9VVW8	Q9W1H5
P39736	Q7K3V6
Q8ML45	Q9V615
M9NDI3	Q9W465
Q8SYG3	Q9VBP2
Q9VK58	Q9W2K0
Q8SX83	Q9VLR0
P02825	Q9VIV5
Q24400	Q9W5X1
P31007	Q9VVC3
P13054	P16378
Q24186	Q9VZF4
M9PF20	Q9W115
Q9VZJ1	Q9W1C8
Q9VUG7	Q9VXE9
O96824	Q9V3R6
Q9VDJ8	Q9VYL8
Q9VKS2	Q9VPA9
Q32KD4	Q8SY33
Q24008	Q9V3H0
Q24475	Q8T0L3
Q9VAU6	Q9VGY1
A1Z6P8	Q9VTC4
O46036	Q9VI16
M9MSL4	Q9V676
M9NEB2	Q9VU34
Q9V586	Q9VYJ3
P07183	Q9VY49
Q8MLD9	Q9VJJ0
Q9VTP8	Q9VUL2
M9MRJ1	Q9VRC6
Q8SWU6	Q9VM97
O77460	Q9V3G9
P54351	Q9VWE4
Q9VKW2	Q9XTL2
P21519	Q9VZY0
A1A6V1	A1Z8W1
A1ZBU8	Q9VQ46
O18334	Q9W3V2
Q9VXD4	Q9W219
P52654	Q9VA91
Q8T414	Q9VXT8
Q9VBI0	Q9W219
Q24323	Q86P48
A1ZBX4	Q9VI00
A0A0B4JDD0	O76908
Q9VRQ4	Q9VSE6
Q9VHC7	Q9W4G5
O96827	Q9NJH0
P46150	Q9W238
Q9VQF9	Q9VW52
Q7KUL3	Q9VVT5
P41093	Q8SXX0
Q9VG82	Q9VPF3
Q9V9R2	Q9VRQ4
Q7KND8	Q9VF05
Q9VRQ1	Q9VW52
P40688	Q9VTL4
M9PGK7	Q8MZE0
Q06559	Q24312
P07664	Q24564
Q8SX89	Q9VJQ5
P18502	Q7KLX3
Q9VFI1	Q9VHF4
M9PH26	Q9W3I9
Q95RC0	Q9W1A2
Q8SX59	Q9VA48
P13008	Q9VVQ1
P48609	Q9W022
O61661	Q0KHU0
C0MJ66	P20439
A1ZBD8	Q9VNZ8
B7Z143	Q9VDF0
A8DYE0	Q24564
Q9V830	Q9VEX9
O96690	P15357
P49657	Q9VIK6
A8JRD0	Q9W4S7
Q9VTF9	Q9W074
Q0E8K8	Q9V527
Q9VMK8	Q9VW76
P10987	Q94514
Q23985	Q9V9J3
P04357	Q7KVS9
P92177	Q8IRH5
Q8SXP8	Q9W351
Q9VL01	Q9VTU3
M9MS40	O46084
P08736	P22807
Q7JXA8	Q9VF72
Q9VRT9	Q9VX05
Q8IQB4	Q8IRI7
H9XVL8	P11450
Q9VTU3	Q9VVG4
Q9VXR9	Q9Y149
P48159	Q9VF73
A1Z9C2	Q961D1
Q9U1L7	Q9W3V9
Q9W0B8	Q9Y0Y5
O46089	Q9VQ44
P21521	P91666
P82804	Q9V535
Q59E04	Q9V345
P82910	Q9VIJ0
P23023	Q8T092
Q9VAC1	Q9W191
A1ZBD8	P23647
Q9V602	Q9V7B6
P84051	Q9W1G7
Q9VYD4	Q9W127
P11046	Q9W200
O46037	Q9W3X5
Q9W379	Q9W5E1
Q9VEX0	Q9XTM1
A9UN61	Q9V3V3
Q9V8K6	Q9VRA8
Q8IMJ2	Q9VIV7
Q6NP72	Q9VWR5
Q9VN21	Q9VW86
P16568	Q9VUG5
Q9V4M1	Q9VYX5
O77260	Q9VH57
Q0IGY6	Q59E33
Q9V3G9	Q9VXE0
P15330	Q9VQB9
A0A0B4KFB5	Q9V8T0
Q9VGB9	Q9W3Q1
P50887	Q24570
Q7KVG9	Q8T3Z0
Q6NP60	Q86BR8
M9PBB4	Q9VT48
Q9VK69	Q9W5X1
Q01083	Q8MSQ2
Q9VJ37	Q9VSB2
A1Z6P8	M9PFR8
A8JR01	Q9VJY6
A1Z9H7	P09085
P08182	Q9VAQ1
Q9VU35	Q9W3M5
A1Z6J6	Q9W4X8
P09089	Q9VCS1
Q7KMJ6	Q9VR05
Q7JZR4	Q9W2H9
Q02361	Q9VWQ2
P12613	Q9VZG2
A0A0B4KFE8	A1ZAH3
Q9V586	Q9VVQ1
P91929	Q9VWF3
O77051	Q9W229
Q9U1L6	Q9VD71
Q95R98	Q9V7I8
Q8SXZ6	Q9VR99
Q9VGR1	Q9W3S4
Q8SXG9	Q9W199
M9PBB4	Q9VXS3
Q9VHP1	Q9VRN1
Q9V3F3	Q9VRS2
Q9BIS2	Q9VPH6
Q8IPY3	Q9XZ06
Q24151	Q9W3S7
Q9VBP2	Q9VTT9
P07183	Q9VJH6
O16011	Q9VD35
Q9VFD2	Q9W3I9
Q0IGU7	X2J9Y4
Q8IMG7	Q9V3U6
O77477	Q9VDS5
A9UN61	Q9VS91
Q02748	Q9VV81
P14734	Q9VAN0
B7Z078	Q9VYA4
M9PHF7	Q9VA32
P14785	Q8SXV4
B7Z0D3	O61231
A0A0B4KG66	Q7PLE9
P16914	Q9W158
Q9VMA2	Q9VNQ0
Q8IRK0	Q9VS39
Q9V7M1	Q9Y108
Q9V7N5	Q9VFV9
Q9VSG1	Q9W221
A8DY77	Q4V424
Q02910	Q9VQ00
Q7KMJ6	Q9VJN5
Q24534	Q7KWG9
Q7KJ69	Q9VWT7
Q9VTS9	Q9VXG9
O76924	Q8IR14
Q4V664	Q9VW23
Q9VKQ2	Q9W374
B7YZT2	M9PBE2
Q9VF73	Q9W170
M9ND00	Q9VVY2
P42003	Q9VBP9
Q9VV99	Q9VXR1
Q9VKN9	Q9VZV5
P54366	Q9VYA9
Q9V5Y9	Q9VUI0
O77237	Q9VHE5
Q9V3Z9	Q9VW35
O77430	Q9VED4
M9PH36	P30432
P29503	Q0E9B7
Q7KNF1	Q9V9V7
Q9VJD4	Q9VW61
Q8T092	Q9VWN8
P48461	Q9U4G5
Q8MRM0	Q9V3M9
P34021	Q9VSE6
P49258	Q9V427
Q9VVK7	Q9VY14
Q24564	Q7JXG9
Q9VU58	Q9VUT3
Q9V457	Q9XZU7
A1Z9J6	Q9VVL6
Q8IRH8	Q9W3X8
Q9VR47	Q9VW72
A4V101	D3PFG0
Q9VBQ3	Q9W3X5
P29310	Q9W4P5
A8JR05	X2JGL7
P17276	Q9VSL3
Q9V5V8	Q9VRQ2
Q9VZ44	Q9XTN4
A1Z6W3	Q9VWT5
Q59DZ4	Q9VMN6
P04412	Q9VSU0
Q8T4F7	Q95TJ9
Q9V695	Q9Y1B2
E1JGL8	Q9NJH0
Q9V6B9	Q9VVA7
P40796	Q6NLM7
Q9VAU6	Q9W1U0
P48609	Q9VBP9
A1ZBC3	Q9VG03
A0A0B4KF65	Q9V9Y9
P91654	Q9XTL2
Q9V9P1	Q9W0F0
P35415	Q9W0W6
Q9VGD8	Q9VH19
Q9V5Z2	Q9VVG2
Q8SY33	Q9VWG8
D3PFG0	Q7JWN2
Q9V3B6	Q9VDS5
A1Z933	Q9VD63
A0A0B4KFF9	Q9VLC5
Q9V345	Q9VIV7
Q9VBJ9	Q9W3Z4
P54361	Q9W3I8
Q9VDF0	Q9VYA4
P19339	Q9VZW1
Q9VJR9	X2JD14
A1Z7I1	P09081
A1Z8L7	X2JAU8
Q24133	Q9VVE8
P91654	Q8SZP2
P07186	Q9XZ68
P46150	P50887
P10084	P11420
Q9VHL4	Q9VNZ4
P55830	Q9VJE4
Q9VVT5	X2J6Y3
Q0E8N3	Q7KTA1
Q8I0G5	Q9XTM1
D3DML3	Q95RR8
A1ZBD8	Q9VVD3
P48598	P48598
P52034	Q7KRI2
A0A0B4KH37	Q9VL48
M9PHT1	P23647
Q9VQG0	Q9VZS3
P48149	Q9VW86
Q8SZ15	Q9VQD0
Q9VEI8	Q9VXK0
A1Z7C1	P11929
P02825	Q9U1L7
Q9VIY8	Q9VK77
O46036	Q9VI72
P34021	Q961D1
Q7KS72	Q8SYG2
Q9VJR9	Q9VZE6
Q8MKX9	Q9VUL2
O16043	Q9VVB4
A8DYM0	Q9VMN3
Q9V8W3	Q9VDN0
Q9V7B6	Q9VLT6
P23023	Q9VSQ3
A8DYA3	Q9VWE4
Q8IRH5	Q9VW52
Q04688	Q9V474
Q9U9Q4	Q9VIV8
P55828	Q94883
Q9VHM5	Q9VLB2
Q0E961	Q9VMB2
Q0E9F2	Q9W219
Q9TVQ5	Q9VMG2
Q6NN09	Q9VS39
Q9VBL8	Q9VIR7
O77051	Q7KIS4
P17971	Q9VBL2
P20439	Q9VCH1
O16011	Q9V406
Q9V8K2	Q9W5C6
P46824	Q9VHX3
E1JIX6	Q9V4X0
Q9VM98	Q9VZI8
Q9VSZ1	Q9W2E3
E1JGL8	P07764
Q9VJE6	Q9W3Z5
Q7KT57	Q7Z2C5
Q9VY14	Q9Y1A3
O77275	Q9XTM1
A8DYL7	Q9VTF5
A1Z9C2	Q9V6L1
P10734	Q9VVE2
Q8T3Z0	Q9VXJ9
Q9VHB5	Q9VZU5
A1Z8D5	Q9W3Z4
A0A0B4KFP5	Q9VDS5
O46085	P49258
Q5BI31	Q9VW36
Q7JXC4	Q9VE72
M9PCG2	Q9V4X0
Q7KJ69	Q961T2
Q8STG9	Q9V3G6
Q9VB95	Q9W4J8
Q9V830	Q9VWA8
P07190	Q9V509
Q9VB22	Q9VTV7
Q9VCT5	Q9W229
P28159	Q9VXZ0
Q9V3G9	Q9V813
A1Z9C2	Q9V785
P11147	Q9VJB0
Q7JRJ1	Q9VGS2
A1ZA28	Q9VFL4
Q5BI25	Q9VHC7
Q9VNI5	Q9W029
P52654	Q9VNI5
A8JQX6	Q7JRJ1
Q9VER6	Q9VH48
Q9VNK8	Q9W4E4
Q9VFI1	Q9VXD6
Q86P18	Q9VR65
Q8IH18	Q8IH18
Q9VIY9	Q9VJY6
Q7KT16	Q9VLP6
A1Z6E8	Q9VR29
Q9VAC4	Q9VIS7
Q24564	Q9VXU2
P05527	Q9W326
Q8T8R1	Q9U1L7
Q27297	Q27297
A0A0B4KEE4	Q9VFF6
A1ZAU6	Q7KLW6
A1ZAV3	C6SV45
P08182	Q9VHM5
P40657	Q9W5C8
M9PBE2	M9PHS8
Q7KVG9	Q9VGV7
M9PHS8	Q9V6X7
Q9VK58	Q9VYD4
Q9VD31	Q9VLV7
A0A0B4K7K9	P37159
P02843	Q9VBP2
Q9VCY3	Q9VPS5
P0CG69	P34739
O16011	P54399
Q9V7B6	Q9V8R9
Q6GV06	Q9VAU6
P39768	Q9VRQ1
P29503	Q9V3S6
Q9V8T6	Q9VRX7
Q7K5N4	Q9V727
Q9VJN5	Q9W1A4
Q7K4V4	Q9VAU6
Q9V7C1	Q9VJ60
Q8SXP8	Q9VYL8
P34021	Q9VYW2
P19538	Q9VBW9
A1Z765	Q9VJ21
Q9VMC7	Q9W4M8
P10379	Q8IRR5
A8JUV3	Q9W115
A0A0B4K6Y7	Q0E8E2
P18091	Q9V8K2
Q24134	Q9VVQ1
Q9V3M9	Q9W4Y8
Q9VVE2	Q9VY61
P52487	Q9VYG2
Q7PLP5	Q9U9Q2
Q9V4R8	Q9VPU8
P25160	Q9W4P5
P24785	Q29QS8
P17276	Q9VYS4
Q8INI8	Q9VE69
Q9W3S7	Q9XZ53
Q9VCW3	Q9Y125
M9PFU5	Q8IR14
Q4V6L4	Q9VGK5
A1Z7L6	Q05825
A0A0B4K6W9	Q9VKW2
Q24564	Q9VVU1
Q9VBJ6	Q9VZJ3
Q8T414	Q9VVT5
Q9VRQ2	Q9XZ58
A0A0B4KG66	Q9VS76
Q24090	Q7KQN5
C6SV45	M9MS40
Q9VFC9	X2JDK7
M9PEQ7	Q9VYG2
Q24117	Q86BS6
Q9VFE3	Q9VHT8
A1ZBG4	P15357
M9PD03	Q9VYG2
A0A0B4LEZ3	Q9V780
Q9W494	Q9XTN4
Q7KRS6	Q9W0M7
P02825	P92208
Q960E4	X2JEY5
Q24255	Q7JXC4
Q0KHR3	Q0KHR3
I0B1P6	Q9GU68
Q0E961	Q9VWP5
O46036	Q9W2E3
Q9VDS5	Q9VYA4
Q01642	Q9VPT8
Q8SYU5	Q9VFG8
Q29QN4	Q9V3J1
Q7KNM2	Q9W4X2
P16371	P54366
Q8IRR5	Q9W1L6
P48809	Q7KS72
Q05856	Q9VS81
P08570	Q9VTR2
A0A0B4KG11	Q9VBA8
Q02308	Q9V3G9
Q9V785	Q9VRV6
Q8MYY3	Q9I7I7
Q7KML2	Q9VW52
Q9VEN1	Q9W1I8
A1Z6W6	Q9VRS7
Q9VQQ6	Q9VZ61
Q7JZ62	Q7JZ62
P20009	Q9VJ98
Q9VGD6	Q9VXX0
A1ZAH1	O61661
P29310	Q9VT19
P02283	P84051
Q9VJR9	Q9VKI8
A0A0B4KER0	Q8SWT2
Q8I8V0	Q9VTZ1
P09052	P25158
P23573	Q6ILA6
C8VV69	Q9VLU5
Q9VEP6	Q9VTU4
Q7KQN5	Q9VSP8
Q9VXK9	R9PY49
Q9VLV6	Q9VLV6
Q9VRV5	Q9VXT8
Q8T3X9	Q9W1T0
A0A0B4LGJ9	P40320
O61722	Q9VD65
Q7JY99	Q9VJY9
Q9VS59	Q9XYZ4
A1ZAU6	Q8IRD5
A8JUX7	P09085
Q9V3G9	Q9VRE6
P08736	Q9VBP2
Q9VAN8	Q9VWA1
Q6YNC5	Q9VYH9
Q8INI8	Q9V564
Q95RV6	Q9VZ66
A1ZBG4	Q7KQN5
P10379	Q9V3Z9
M9PH26	Q94899
Q9VHJ3	Q9VZF4
Q8T079	Q9W326
Q9VKV9	Q9VPS5
O46070	O97365
A0A0B4KHZ4	P49657
M9PHB8	Q7JVK6
P11450	Q9VAW8
Q9V3F2	Q9VAU6
P05812	Q7KGH1
P91929	Q9VXF4
A1ZBT3	Q9XYR0
Q9VD25	Q9VYL8
Q9VV11	Q9VZN0
Q9VAU6	Q9VEV5
G4LU05	Q8MSA3
Q400N2	Q400N2
Q7KM13	Q9VHH1
Q9V7F0	Q9VK09
Q9VRG6	Q9W2C1
P20432	Q9VGJ3
Q9VBP9	Q9VLW7
A1Z7K9	C6TP70
Q7KU89	Q9VKX2
Q8IQI1	Q9VPZ1
Q0E8J0	Q24564
P19538	P23654
Q8IRY7	Q95RR8
Q9V7G0	Q9W418
Q24292	Q9VKY1
M9PEA2	Q9VS59
Q9VK39	Q9VR05
P13060	Q9VCT6
Q9VEG9	Q9VZB3
P17210	Q9W0R0
Q9VEA2	Q9VGU5
Q9U616	Q9W1I8
Q24564	Q9VRQ7
A1Z6G4	Q9VD82
B7Z0W0	Q01071
Q9VJ29	Q9XYP7
P40796	Q6WV20
Q7KVS9	Q9VNE9
Q7KML2	Q8SZ46
Q9VD71	Q9W3S4
Q867Z4	Q9VWH7
Q76NQ1	Q9W200
Q8IR14	Q9V782
P29742	Q7JZC9
A1ZBT3	A8JR05
E1JHB7	O76460
Q868Z9	Q9XTL9
C0HKQ8	Q9VAU6
A1Z6P8	Q9VIV5
Q9VEU5	Q9W5X1
Q24547	Q8IRH5
Q8INF6	Q9VR61
Q9I7J2	Q9VGH5
P23803	Q8IQI1
Q9VC66	Q9W170
A1ZA03	Q9NFV7
P20480	Q7KUL3
Q00449	Q9VJ29
Q9V3G9	Q9V676
C6SUW9	Q9VZH1
Q9VCU7	Q9VLR9
M9PCE9	O96692
Q24113	Q9VQ22
Q9VHA9	Q9VKN9
Q9VFX6	Q9VM22
A0A0B4JDD0	Q9VV44
Q9V3G9	Q9VHM5
A0A0B4JDD0	Q8STG9
Q9VC66	Q9W4I6
O16158	Q7KVR8
Q9VPY0	Q9VTU4
Q8IH92	Q95RR8
Q9VUQ9	Q9VYA5
Q7KJ69	Q9VKF2
Q9V5Y9	Q9VJP9
A1ZBY1	A8JNU1
Q94514	Q9W334
A1Z9C2	Q8IR14
Q7JYX5	Q7M440
Q24337	Q9VXR9
Q9VWQ6	Q9VWQ6
Q8T053	Q9TX77
Q24248	Q9VIF2
O77051	Q8T4F7
Q9V393	Q9VXW9
Q9V8T1	Q9VSY8
Q9V3H7	Q9VCS4
P19538	Q8SZG4
P18101	Q9VBT8
Q95RV6	Q9XZ56
Q9V472	Q9VR26
O96692	P11346
O77051	P25171
P55841	Q9V506
P19109	Q7JXC4
Q06559	Q9VT49
Q8T414	Q9VRL3
M9PG80	Q9W135
P91927	Q9VRS6
P27398	Q8INQ9
P09081	Q9VXM1
B7Z033	Q9W0T1
Q9VK14	Q9VK23
Q9VSS2	Q9XYP7
A1ZBT3	Q4V3L3
C0HL64	Q9VK38
Q8SXR5	Q9W4N9
P84051	Q7JXF7
A4IJ58	Q9VK69
Q2PDP6	Q9VES0
P19538	P23647
P21461	Q27934
Q03334	Q95RV3
Q7PLI2	Q9VVD8
A0A0B4K7L3	Q9VY62
Q9V447	Q9VZS6
A1Z7M3	Q9VWC4
Q9VMN9	Q9VMN9
Q9VKW2	Q9W1H7
M9PIC9	Q9VYX4
P42003	Q9VHF4
P02518	Q9VIE7
Q6NQZ7	Q9VI24
P10035	Q9VAA1
Q8SXP8	Q9VTW3
Q9VI35	Q9VZW0
P09081	Q9VWG3
Q7KML2	Q9W1J7
F0JAK1	O77135
A1Z8V5	Q9VR09
Q4V5A5	Q9VR05
Q27297	Q9VVA9
P23757	Q9VIT3
P05389	Q9VU59
Q9VJB0	Q9VKQ2
P08736	Q24563
Q9VCG4	Q9VWG6
Q86P91	Q9V9K1
O61661	Q8MYY3
A1Z8D5	Q8IMU0
Q9VYA5	Q9W1A9
P13678	Q9VPY2
P17644	Q9VHK6
Q9VGC5	Q9VQF9
P54733	Q9VPD8
Q7KNM2	Q8IH92
A1Z8P9	Q9VNZ7
M9PGK3	Q9VBW9
Q9VDZ2	Q9VVZ6
A1Z7G6	Q7KMG7
B7YZW3	Q9VZF4
M9PDT0	Q9W465
P00528	Q95RB2
A0A0B4KFQ5	Q9VUB1
A1ZAY1	Q9VUK7
Q9VTF7	Q9W462
Q24564	Q95S08
A1ZA92	Q9VGR9
Q9VQS0	Q9VRY6
Q9VFC8	Q9VPZ7
Q7JXC4	Q9VII3
M9PF20	P55162
Q8IPJ1	Q8IQI1
O77260	Q9VHA9
Q7JYY0	Q8SXG7
A1Z6G4	Q8MQJ7
P36872	Q9VX24
A0A0B4KG70	Q24572
Q9VLJ8	Q9VMZ6
Q7K237	Q9VI25
Q9VML8	Q9W289
Q9V4X0	Q9VRQ4
P40797	Q961D1
Q9V5V8	Q9Y119
A1Z9K8	O96692
A1Z892	Q9V3G9
Q94548	Q9VXS3
O77059	P49021
Q9VBU1	Q9W465
A1Z979	Q9VSU2
M9MRX4	P07207
Q24595	Q9VVA7
A9UN61	P31368
Q1EC20	Q9VAV6
A1ZA92	Q9VHS8
A0A0B4KGW6	Q7KVG9
P13395	Q9VM65
Q8T0D9	Q9W2J7
Q8IPW1	Q9W414
Q9VFT4	Q9VHT8
Q8IMS8	Q9VAW8
P05031	P05031
Q8T390	Q9XZ63
Q9VH37	Q9VS59
Q9VK58	Q9VY42
Q8IQT4	Q9W2K0
A1ZA03	Q9VJ62
A8JQT1	Q9W236
A0A0B4KFQ3	Q9XZT7
A0A0B4KG66	O46084
Q7YU03	Q9VRX7
Q9I7K0	Q9VXA9
Q9VUL1	Q9W4V8
Q6NP72	Q8MLY8
A1Z8V7	O17445
A0A0B4K7J2	Q9VWE4
A1Z6E8	Q9GYU8
Q8IMC0	Q9VQS6
A1ZA23	Q9VQW4
P46223	Q9VME5
P07185	Q9VMV0
Q8IR14	Q9VX47
Q709R6	Q9VC86
Q9VME1	Q9VXK8
Q24117	Q9W474
H9ZJM5	Q9VRX7
Q8IMG8	Q8INB9
Q960E9	Q9VFT3
P30052	Q26366
Q7JZ94	Q9TX77
Q8IQG1	Q9W3N6
Q8IPW1	Q8T0U2
A1ZBT3	Q9W289
A0A0B4KFF9	Q9XZS6
M9PBB4	Q9VZ24
Q9VCH1	Q9W219
Q9VX98	Q9W445
Q95TL8	Q9W3A7
M9PE53	Q9W3G7
E1JHR0	Q9VJX8
P08175	Q8IRY6
P32234	Q27571
P22265	Q9VW51
P08182	Q9VZ09
Q7KTA8	Q9VDB7
Q29R10	Q9VMY3
Q01083	Q9W0E9
Q9VGT2	Q9VSQ2
B7Z143	Q9VR29
Q01083	Q9VZU2
B7YZF1	Q9VTS9
Q8MYU0	Q9W4U0
Q9VJD8	Q9VRV5
P42003	Q9V5Z2
Q9VCH7	Q9W3S7
P23380	Q9VFI1
E1JHR0	Q7JWV5
Q9VGL2	R9PY49
Q9VRG8	Q9W4U0
P49906	Q9VJQ5
A1ZBA1	Q9VDQ3
P08736	Q9V586
Q9W1X4	Q9XTM1
Q4V3L3	Q9VCX6
Q867Z4	Q867Z4
P13678	Q9VQ00
Q9VK58	Q9W1A9
P0CG69	Q9VPY4
A1Z7L6	Q9VT00
P24492	Q8T8R6
O77237	Q9VWL7
P23647	Q9VG38
M9PG80	Q8T8R1
Q9VDK2	Q9W1R5
Q9VW57	Q9W240
P12982	Q7KRY7
Q0KI14	Q8IPW1
Q9V3B4	Q9VJQ6
A8DYD1	Q24558
A4V101	P20354
A0A0B4KER0	Q9VW23
Q7K2X1	Q9V527
Q27297	Q9VSR3
P92177	Q9VYA4
A1ZB61	Q7K3Y9
Q9V7C1	Q9VX05
P17886	Q9VWU7
P11929	Q9VNU3
Q8SZY7	Q9VH45
Q8MLU3	Q8T4A3
Q7KML2	Q9VTP4
Q9VA17	Q9VD34
Q8MYW2	Q9VTM0
A0A0B4K7U0	Q9VK58
Q9U1L7	Q9W0H6
Q24564	Q9VY61
Q8T3W6	Q9VB62
Q24404	Q9VWC6
C6SV45	Q9VNE0
Q9VBQ3	Q9VCZ7
B5X0J6	Q9VG12
P23647	Q9VBP3
Q9VFQ9	Q9W1H4
P13097	Q9W0F5
A1Z9M2	A1Z9M2
E4NKJ7	Q9VY48
P07182	Q9VCY6
Q9VAU6	Q9VRP4
A1Z7M3	P91654
Q9GYU7	Q9VQV7
Q9VLM6	Q9VVE8
Q7JZ37	Q9VLS5
C6TP81	P02517
Q9VTH8	Q9W3N6
P23757	Q7KM15
M9PE71	P36975
P02825	Q95RY2
P12881	Q7K148
A1Z6P8	Q9VBN5
Q9V6D4	Q9VHM5
Q7KTP7	Q9VX05
P91666	Q7KJ69
Q9VPS5	Q9W0M7
Q9VYA4	Q9W236
Q9I7T7	Q9VD17
C0HKF8	Q8IRZ1
A1ZA47	Q6AWN0
A1Z6P8	P0CG69
A0A021WW64	Q9VCD5
P12370	P54623
A1ZB42	Q9VNK8
A8DYB0	Q9Y0I1
Q9VYM5	Q9XYW6
B7Z0W0	P27398
Q0IGU7	Q9W4M8
Q45VV3	Q9VY93
P02825	Q86B87
P51123	Q9W0V5
A1Z7K9	P92177
Q9V3A8	Q9VAQ1
Q9VLV7	Q9VZZ8
P50887	Q9VU13
Q8IPI7	Q9VL71
Q9V789	Q9VH19
Q9VXF4	Q9VXV2
P31007	Q9W5X1
A1ZBG4	B7Z143
P08879	Q0KHU0
Q7JR71	Q9VCT6
Q9VKM7	Q9W483
Q9VFD3	Q9VMI6
Q8IRH5	Q8SXP8
P19538	Q24210
Q8IQG0	Q9VHR7
Q960Y8	Q9VL18
A0A0B4KG38	P18502
Q8IH18	Q962S2
Q7K187	Q9VMA3
Q8SX59	Q9V3W0
Q8IMS8	Q9W3L4
Q9VS80	Q9VXK6
Q9VDC5	Q9VTU4
P92208	Q9VSB2
M9PHF7	P19339
Q8IQZ7	Q9VF37
Q03043	Q9W3D6
P08970	Q9XTM1
P23803	Q8IPW1
C8VV67	Q9VXX0
M9PG98	Q0E938
Q0E8N2	Q7KTX8
P54366	Q8IQI9
Q9VAE4	Q9XYW6
Q4QPV3	Q9VSD3
Q9VCU7	Q9W1J7
Q7JX41	Q9U405
P21461	Q9VRY7
P25008	Q9VHN1
A0A0B4KHK1	X2JA38
Q9VF09	Q9VNE0
P18502	Q6WV16
Q95TJ9	Q9XTL2
Q9VKJ9	Q9VKJ9
Q9VID3	Q9W4K1
P92177	Q9VG03
G4LU05	Q7KMH5
Q9VKB1	Q9W5R5
P13468	P48809
A1Z6P8	P41092
O44783	X2JDS9
Q9V3G9	Q9VF73
P48456	Q9VEA5
B7Z143	O46070
Q7JWW5	Q8IH18
M9PGG2	Q9VTS9
Q9V7A9	Q9V9A8
C6SV45	Q86BA1
Q6NN09	Q9VV81
O77051	P36179
Q0IGU7	Q9V3M9
A1ZBL9	Q9VGU6
Q9VB99	Q9VZD5
Q9VTP5	Q9VXS4
A8DY77	Q9VVH8
P18502	Q8IGP5
Q24475	Q961G1
Q9W4U0	Q9W5X1
A0A0B4LGD0	Q9VHV1
A1Z6P8	P00334
A1ZBL1	Q9VD23
O18405	Q9VND4
P13607	Q9V3W6
Q9VK58	Q9VUZ8
Q9VSK1	Q9VY98
Q9VEI9	Q9VXK0
Q7K569	Q7KM13
Q7K0F7	Q9V5P3
Q9W4H8	Q9XZC2
B7Z143	Q9V7M1
A0A023GRW3	G4LU05
Q03017	Q9V9K1
Q9VSP8	Q9VZ09
Q9VW57	Q9W579
P16554	Q86PC9
P39018	Q9VPV7
Q95RG8	Q9V3G9
E8NHA8	Q8IR26
A1ZBJ8	Q9I7Z9
P17704	Q9VXS4
Q9VWE4	Q9W4H8
E2QDA1	Q9W277
Q8MQW8	Q9W5X1
P41093	Q9VLG3
P39413	Q9VZV5
Q9V507	Q9VVE5
P07185	Q8SXY2
P42282	Q7KRI2
Q7K2B1	Q9VCI0
Q0E938	Q9U1L6
A0A0B4KEQ7	A1ZB57
P16621	P16621
P08970	Q24478
Q9VJD4	Q9VRL7
Q9VB02	Q9VRQ1
Q24253	Q8IN05
P42325	Q7K5K3
Q9V9G5	Q9VD02
Q9VFP2	Q9VJ22
Q9VV81	Q9VX63
Q9VI24	Q9VR05
A0A0B4K760	Q94511
Q7PLP5	Q8SXP8
A1YK02	Q8T0S6
A0A0B4K6W9	Q9I7I7
P52295	Q7K0D8
Q9VH69	Q9VSB2
Q8T3W6	Q9XTN4
P49905	Q9VYN0
A1Z7N6	Q9VE52
A1ZB64	Q9VGA3
A0A0B4K7J2	A1ZAC2
O76324	P07663
Q7JRQ4	Q9I7D0
Q9VR99	Q9VSS2
Q9VBH7	Q9VDM7
B7YZW3	O44783
Q27934	Q9W403
Q9VK45	Q9VPB8
M9PHS8	P54622
Q27934	X2JDV1
P52304	Q9U8L5
P39736	Q7K527
Q9VRV6	Q9W3J2
O46070	O76924
Q95RR8	Q9VSG1
A8DY95	Q9VJ37
Q24159	Q9NGC3
P36872	Q9V4Z9
Q9V7I8	Q9VNZ4
Q7K2X1	Q9XZS4
O46036	Q9VTJ3
M9PFH7	Q9V5V8
A8JQW3	Q9V3L8
A0A0B4KGW6	Q9U1L7
P02518	Q9V7A9
Q7KT57	Q9VVY2
P08928	Q9VAU6
P02825	Q9VBW5
Q9VBI1	Q9VLX9
Q8T3Y0	Q9VVD0
P07185	Q7K4C7
P11956	Q9W4F9
O16011	Q9VMZ5
Q9VEA5	Q9VWQ2
Q7JWV5	Q9W2N5
Q4V516	Q9VWF0
P07764	Q7JRJ1
A0A0B4JDC9	P91645
Q04688	Q9W3W6
Q8IR14	Q9VPD7
Q24312	Q9W3S4
P10987	Q9VY61
O44783	Q9VH48
Q9U9Q2	Q9VZE9
A8JQT1	Q9VP57
A0A126GV06	Q9VQS0
Q8IH06	Q9W4F9
M9PHF7	Q02361
Q9V695	Q9V7D2
P17917	Q9W594
Q9V783	Q9VMG2
Q9V9Y9	Q9W2E3
P00528	Q7KV26
Q9VNZ4	Q9VZN6
P05527	Q7K5K9
P54397	Q9VY48
Q9VRE6	Q9W3V9
M9PH26	M9PHS8
A8JUS8	Q9VS55
Q9VEP6	Q9VSF3
Q7K0L4	Q9VWS1
Q9VD48	Q9VEX4
