F4HS99	Q94C77
Q8GX84	Q9SI75
P0C6E7	Q8S8M5
Q39013	Q9ZSI1
Q9LQ84	Q9C613
O65090	Q9LHK1
Q9LPC7	Q9SGI8
O23673	Q9M001
Q9FE22	Q6XBF8
Q8GWR0	O23170
Q9S834	Q9FZI8
Q94KD8	Q9XFS7
Q8L4H0	O64816
Q9SRZ0	F4I4Y6
Q9SRZ0	Q9S9U6
Q42523	Q94B35
Q9SA55	Q6R032
Q9ZVS2	Q94B35
Q8L735	Q9FVQ4
F4I765	Q9FG08
O23053	F4IXE4
P42744	O82653
O23047	P59271
P0DI10	Q9LZV9
Q9SYK6	Q9LZ90
Q9SYK7	Q9FJ00
P0C7P7	Q8GWG7
P0CB22	Q6NMH5
A8MS78	F4IUX6
Q9LND8	F4HRY1
Q8W476	Q8VZ74
Q9LNC5	F4JCV6
Q8H109	Q8VYR5
P28185	Q3E9C0
Q9LNW1	Q8L705
Q93VP4	O49595
C0LGD8	Q8RXG3
Q9LQQ2	Q8VXU9
Q42440	P56759
P92939	Q66GQ3
Q9LQQ9	Q8GYC1
Q8VZ13	Q93ZB0
Q8VZB9	P53492
Q8GYP5	F4ISL5
P24704	Q6NLF6
P24704	Q8W1X2
Q9XFR5	Q39189
Q93ZW0	Q9FJI2
Q4PT37	F4JUQ2
F4I111	Q9CAP4
Q1H568	O23116
P52420	Q8VYC4
Q07098	Q9SQH6
Q9ZT07	P48347
Q9LPZ3	F4JLK2
Q8LDI5	Q9LV37
Q9SAB3	O64380
Q84VW6	O80998
F4IC62	O65398
Q9XJ36	Q9ZVE7
F4IDS7	F4HZ82
Q9LN94	Q8W2F1
Q8W4E1	Q9LV32
Q94AJ9	Q43725
Q9LPW7	Q9ZNZ7
Q0WVH7	Q9FND0
Q9SAF2	O65569
Q56Y29	O22149
Q6NL07	Q8W471
Q9LMG8	Q84JL7
Q42510	Q8RXD5
Q9XI87	F4J5Y7
Q9M9S4	Q9LEY9
Q9M9R3	F4J2K4
P93736	Q8L788
Q8RXF1	Q9LTT3
Q8VYI4	Q9FLH2
Q8LFH7	Q8VWI7
Q9FV53	Q9SMV7
Q8VYZ5	Q93YS6
Q9LMR3	Q9ZQI7
Q8H1Q4	F4KCN6
Q9C5X8	O23051
Q93YN1	Q9LIK1
Q8LCN1	Q9ZU95
Q9FZ55	Q9CA67
Q9SHG6	O80734
Q9FPS9	C0SUT9
Q9LN16	Q9FH09
Q9LQI9	Q96255
Q9LDU5	Q9XGZ2
Q6NLG3	Q9LW08
F4I901	Q9MA74
F4I933	O22773
Q944L9	Q9SL42
Q9LMT2	Q8LFC0
Q9LMT2	Q93ZN5
Q94A33	F4K1D3
Q9LM33	Q39028
Q9LE22	Q1PF17
Q9LE73	Q9LMJ4
Q84M92	Q8L3Z8
Q9FZ82	O24466
Q8GXS8	Q94CI6
Q9M9V4	B1WCA4
Q9LN59	Q9FX43
Q67Z55	Q9SAH9
Q8L4R0	Q7Y0S0
Q8W493	Q9M039
Q38919	F4KDI1
F4HSR6	Q9SK22
F4HSR6	O49543
P42699	Q9LSC1
F4HUK8	O04848
Q9LM92	Q9LP24
Q9LM92	Q9M2B0
Q42547	Q9ZVF6
Q42547	Q9SA18
Q96528	Q9SSR1
Q9LM69	Q84JS8
Q9S7C9	B3H5W5
Q9LMN8	F4K3J7
Q9LPL4	Q9SHS7
F4HY32	Q9XGU0
Q93ZX1	F4KBW6
Q9XI07	F4IVJ8
A8MR37	Q9SJ72
Q8LFJ5	Q9LK40
Q8LFJ5	Q564K3
Q9SK87	Q9SHL8
Q9SK90	F4HTR3
A0A1P8AU61	Q9C9K4
O64380	Q94K07
O80542	Q8LGC7
Q9LR30	Q6TLJ2
Q9LR26	Q9LZ76
Q9LDA9	Q9SJ03
P59271	Q9FKW3
A0A1P8AM70	F4JZW1
A0A1P8AM70	O04316
Q9ZUC1	Q9FG28
Q8S528	F4I907
O48682	Q9LD90
O48696	P56802
Q9FYL9	Q9LDE3
F4ICF4	Q9LEU8
Q8W4F3	Q9XGM1
Q8W4F3	Q8L718
Q93ZV1	Q9LTI2
Q944L5	F4IA30
Q9LQX5	B3H6B0
Q93VI3	Q9M9N2
Q96289	O48682
F4HUT3	Q9C609
Q9FZ87	Q9M2G1
Q9FZA2	F4J0K8
F4HWK6	Q42540
F4HWL3	Q8RWY7
F4HWL4	Q9SYP1
Q9SGN6	Q9SUR5
Q9C7Q1	Q9LPK9
Q8L6Z7	Q8RX88
Q93Y37	Q8L725
F4I4R0	Q9LPS8
Q8VYJ1	Q9MB58
Q8VYJ1	Q9ZRP7
Q9SA87	Q9XIN8
Q949S2	Q9MA17
Q9SY33	Q9M329
Q9FYH7	Q8VZC7
Q9C6W5	Q8VY09
Q9C8X8	Q9FJP3
F4I3A7	F4IEU4
P11035	Q9FHJ5
Q9FZH0	Q8L7T3
Q9C763	Q9C6D7
Q9C7S0	Q9FX43
Q9C8C2	Q9M2A8
Q8L7S9	Q9C8X8
Q0WRX5	Q9FI17
Q94LA4	P49333
Q94LA4	F4JAA5
Q9MBA1	Q8GYS4
Q9MBA1	Q9FFC7
Q9MAK9	Q9FLF0
P42743	Q9C7E9
Q39241	Q9SUW6
Q3ECW0	Q9LZW9
Q3ECV3	F4JCM3
Q9S7T8	Q8GWH3
Q9FV70	Q9FKC6
Q94CJ3	Q9LVS0
Q9M5K3	P51818
Q9LNF4	Q9LM33
Q949Z1	Q9SZ65
Q949Z1	F4KFW5
O04005	Q9LQ02
Q9LP74	Q4TU44
Q9LP74	Q9FI19
Q9LP74	Q9LSC4
Q9FV81	Q8RXU4
P94063	Q8RV72
Q9C4Z6	Q39189
Q0WLF0	Q8VZN6
P57720	Q84JV3
Q8VY06	Q9CAT3
Q9LPM2	Q9LY44
Q9FR53	Q9ZUZ2
P36428	Q9M2G7
Q39102	Q9S818
Q8LD49	F4HVG8
Q94BR5	Q9LYT1
Q9SPK5	Q9FV53
Q8L7T3	Q9SFU1
Q9LPS6	Q58FY6
Q9LPS9	Q94CA9
Q9C680	Q8VYB5
Q9C8J4	Q9LFP0
Q3ECS3	Q9M9H2
O80397	Q39222
C0LGG3	Q9STX5
B3H5T1	Q9FKD5
O24408	Q6J9Q2
Q43292	F4K3X8
F4ICW3	Q9C7S5
Q9SSR1	Q9ZUC1
Q9SSR2	Q8GUN6
Q9ZNU2	Q9CAI3
Q9C920	P92949
Q9C920	Q9SX29
Q9LNN2	Q9LVI6
Q93YQ0	Q84LK0
B3H708	Q8S8D6
Q9C8L2	O04983
Q9SYG5	Q9C9U7
F4HVA0	F4IW47
Q8S396	P43288
Q9FQ04	B9DGT7
Q8RWI0	Q9FEC1
Q9ZVL6	Q9FLG1
Q9ZVL6	Q9LPM9
Q9FZ37	Q9C704
Q9C723	F4JRR2
Q8H1F5	Q9LR78
Q6NQK8	Q9SKT0
Q9C718	P48348
Q9LG23	Q8VYU8
F4I3J0	P42752
Q7DLR9	Q9SI20
Q7DLR9	Q8VX13
Q9FE25	Q9SLL7
F4I9P7	Q9SPN3
F4I9Q5	F4K6R6
P0DI17	Q9LUZ6
Q9LQ54	Q93Z29
Q9LQ46	Q2V4A7
F4IEM6	Q2V470
P52901	Q93ZM7
Q944S1	F4JE17
O80738	P51818
Q8RXN6	F4HPB8
P42339	Q8GZB6
O64790	Q8S9L5
O64787	F4IBK4
Q94B38	O22211
Q1PFH8	Q9ZQI2
Q8GY68	Q8LEZ4
F4HX45	Q9SIV2
Q9SI75	O23160
P46646	O81325
B3H572	Q9ZSS6
Q9CAM7	Q9C680
Q9SH27	Q39091
Q9CAC8	P0DKI3
Q9CAD6	Q9SI06
Q9CAK8	B9DG41
Q940M0	Q9FFZ6
Q9SH59	P47192
P93002	Q8GW44
P93002	Q0PCS3
F4I886	Q8LD83
Q9XIQ1	Q9SAB6
Q9SS53	Q94AQ6
F4I9X6	Q1PEI1
O80809	F4JIN3
Q9AT00	Q9SZR9
O04474	Q9FX85
Q9SS00	Q9LFA3
Q9SRZ6	Q9LND8
Q39265	Q945S5
Q8LFP9	O23051
Q9ZW89	F4IUX6
Q9FXD4	Q9FGI6
Q8LDL0	F4J355
Q8L9C4	Q9FVC8
Q9FXE4	Q39247
Q9C9W3	O80917
Q9M9C7	Q9FUZ2
Q9S7Y7	F4KBF5
Q9SX25	Q9M345
Q9SX31	F4JN05
Q8GVE8	Q42593
Q9CA40	Q9SVM4
Q9CA40	F4ICF4
Q96519	O81850
Q15KI9	P56796
Q9C9L0	F4KIB2
Q9C9L5	Q9C535
Q9SFH9	Q9FG89
Q9SFH9	Q9FJP3
Q949X9	Q9SZA7
Q9C9I5	Q9MAQ0
Q9C9I5	Q8GW85
Q9C9I7	Q9SB65
Q9C9J0	Q9CAE8
Q94BU1	Q9LD95
Q39232	Q944L3
Q84W40	O65375
F4IBQ9	Q8RWL0
Q9FNX8	Q941I6
Q9CAI1	Q94JQ3
Q8H0W0	A8MSD3
Q9SSL9	P43082
Q9CAT1	Q9S9M1
F4HQ47	Q9SVN5
P92976	F4I420
Q9SG63	Q9SY09
Q9CA68	Q9SH27
Q94F10	Q9FHG0
Q9S7Q2	P48622
Q8RXN5	Q0WRY1
Q9FWT4	Q43127
F4HZ57	F4J264
Q1PFD0	Q3ECL0
Q3ECD0	Q8GUM8
P11490	Q9LMI3
Q8VYI3	Q8L940
Q8GX25	Q9LF41
Q9S7E6	Q8W4Q3
Q9S720	Q9FFG6
Q8GYB8	Q8H114
Q84WW6	Q9FFG2
Q9SRD5	Q9SJU9
F4I420	Q9FVQ1
F4I421	F4KFW1
Q2LAE1	Q9LNC5
Q9SRG3	Q9FGK9
Q67XK8	Q9SIL3
Q84VX4	O49730
Q93ZE2	F4I0Z0
Q1G3W3	Q940M0
Q8S948	F4JP07
Q42599	F4IX20
Q9SAL0	Q71N54
Q9SAK4	Q9SFH9
P47996	Q7Y228
Q9SAJ8	Q9LVZ5
Q9CA83	Q9SZ54
Q84VZ1	Q4TU35
P16180	Q93VR4
Q42563	Q9LD48
Q8GXI9	Q9FGM9
Q1G324	Q9LVN7
P93832	Q9M304
Q9M8N2	Q0WRJ7
Q9ZU32	Q9LMR3
Q9ZU96	Q5XET8
Q9ZU96	Q8W4H1
Q8GUU3	Q9LNC0
Q9C5U0	Q8LEA2
Q8S341	Q9LTH8
Q9LKW9	Q9FF81
Q9ZVQ5	P34795
O64728	F4IPY2
O64728	Q9SZJ5
Q84K41	F4JM82
O80605	F4HTX0
O81061	P56755
O81061	P59228
Q9ZQ78	F4IYZ0
Q9ZQ80	F4K9G7
Q9SI58	Q9LUT2
Q2V2Q4	F4KBH7
Q9SIF2	Q8H159
Q9SIF2	O64793
Q9SIF2	Q9T071
Q3EC71	P0CAY6
Q9SIA1	Q9FY67
F4IF99	Q8L831
F4IFC5	Q9FM97
F4IFC5	Q5GM68
Q9SI33	F4JXF9
Q9SJ39	F4HP86
F4IHC1	F4JCC9
Q9SIB9	Q42583
Q9SIB9	Q9FGS4
Q9SIB8	F4J339
Q9SKI4	F4JX00
O80786	Q9LKI5
F4IMC7	Q9SCQ6
O80792	Q9LD95
F4INF6	P56772
Q56YA5	Q8GZ10
Q2V485	Q9FI18
Q9SIU0	Q9LZ26
Q9SIT6	Q8L9Q7
P82793	Q9ZVD3
Q9SHU5	Q6NMI3
Q9SJP5	Q93Z91
C0LGK4	Q8RXN6
C0LGK4	Q8S8F7
Q9SI61	Q9LIS0
Q1PF57	Q9LVC0
P93032	Q9C544
F4IMH3	F4JUX3
Q29Q26	Q9ZVH4
Q9SHL8	P93812
Q9SHL7	Q93Z51
Q42344	Q9M2V9
Q42344	Q9FZK9
F4INK3	Q9SFV7
P21216	F4JXF9
Q9ZPW9	Q84TF6
F4IQJ6	F4ISQ7
O64628	Q42344
O64481	Q9M2Z1
O64566	F4I2E4
Q8S8S8	P59224
Q8S8S8	F4J4V1
Q9ZUM9	Q9LS28
Q38905	P82637
Q93Z70	Q9ZUU4
Q9SL79	Q9S9M7
Q8RY79	Q9SLN5
O82662	Q9SU38
Q9SIM4	Q9SD20
Q8S8D0	Q9FJX0
Q9SIU9	Q1PEH0
Q9SJT9	Q680A6
Q03250	Q0WQF7
Q9SJ20	Q9SZD1
Q9SJ12	O81147
Q9SJ02	Q9FMC7
O64818	Q8LD83
O22194	Q9M7Y1
O80458	Q84TE0
Q38998	Q9ZVD7
Q9SZY4	O80653
Q6NLB1	Q9M896
Q9ZVD5	P29515
F4IFN6	Q84WJ9
Q56YN8	Q949Q0
Q9XIN3	Q9FNH6
Q9ZNV5	F4J738
Q9SKN0	Q9LME4
Q9ZV25	Q8S8P5
O81069	Q6J9S1
Q9ZW05	Q8GYL4
Q8L7W3	Q0WRA3
F4IKQ3	O49429
O22927	Q9LIR9
O04350	Q2HIM5
Q8LEV3	Q8LGN1
Q8LEV3	Q9C9U5
Q8LEV3	Q9SYI2
F4INY4	Q9SAF2
F4INY4	Q9FJP2
O80856	O81644
Q9SJX1	F4HXL1
Q9SIQ7	Q39010
Q9SKB8	Q0PCS3
Q9SKZ6	Q9S9U6
Q9SKZ3	Q9SJL8
Q9SKZ3	F4IBL4
F4ISS7	P48486
Q9ZV65	P46897
Q9ZV69	Q96291
Q8S8L9	Q93ZN5
O80885	Q39195
O48852	Q0WUA3
O49325	Q8LCC7
Q1PEX3	F4I7P0
O22951	F4JVS4
O22953	F4HPP7
A0A1P8AX45	Q94AU2
O80770	Q9SY67
Q8VYN4	Q9FNB5
O64682	O80396
F4IIU4	Q9SE43
A8MQL7	Q9LUB8
O64753	Q8GYE8
Q84XV2	Q3E906
Q8RWT5	Q9C9W3
O82178	Q9FH05
O82175	Q9SU25
Q944A9	F4I8B9
O82290	Q9C535
Q9ZQN9	Q9FGF6
Q9ZQN9	Q9LYR5
Q9SJ52	F4HRJ4
Q9SJN3	Q39204
O23647	Q8GW64
F4IQ07	Q9SVY0
Q9ZUU2	F8S296
Q9SP35	Q0WN54
Q0WQJ7	Q2V3L5
B9DFK5	Q8GWT4
Q9LD43	O81915
F4ITX5	F4HQ47
Q84JS8	Q9FNL4
Q9SII0	O23047
F4ITY4	Q9SM27
Q9ZV15	Q9SVT4
Q9ZV06	Q8GYA3
O80959	Q9SSN6
O80952	Q9C8T3
O48814	O04035
P10896	Q6NQ87
Q9XEE8	Q9STJ8
F4IH25	Q8W4C1
Q8RUZ5	Q9LEU7
O22886	Q8W4I6
Q5BPR8	Q5PP33
Q501D5	Q9MA60
Q93VB0	Q6NM71
Q949Q0	Q208N7
Q949Q0	Q9LJE4
F4II36	Q9FKM5
O22211	Q84LG4
P93754	Q9M9E9
P93752	P51567
O48520	Q9FJY5
Q0WQM7	Q58FX2
Q9SIN1	Q9FFG1
P42795	Q8L9S0
O24495	F4IHC3
O24495	Q8GUI2
O22842	Q9SHZ1
O22842	Q9SZL9
Q8L3P4	Q9SIR9
O22824	Q9FGV2
O22824	Q683C9
O22823	Q9LZ82
O22823	Q0WPW2
O22823	Q7XA68
O80567	Q9LS47
O80575	Q09152
Q945S8	Q84MZ4
O80585	P46312
B3H503	Q9C8B8
O64883	O64784
O64884	A4FVS2
O64886	F4KGU4
F4IV25	F4JVY3
O22160	Q8GYM4
Q9SLN5	Q9C829
F4IW47	Q94BQ2
O22131	Q9MAC1
Q9FVC8	P56755
O64638	Q9ZVW5
O80842	Q9FK35
Q8GYQ5	Q9SMS0
O82347	O22609
P42776	P92983
Q38884	Q94AD8
F4II66	Q944S1
O82339	Q6DST1
Q9ZPY7	Q9LW17
F4IL30	Q9FJY5
F4IL43	O65685
O22261	Q9C9A9
Q96266	P56791
Q8L725	Q8RXE9
O82255	Q9FFC7
F4IN59	Q9LXJ0
Q9ZU79	Q9SJL4
F4JEB4	F4IW47
F4J117	O81347
Q9SSA1	P93045
Q8H0T6	O49675
Q8H0T6	F4IBX5
Q6NQM0	Q7XJJ7
F4JFJ3	Q9XFS9
Q3EBD3	Q8L3X8
Q8L9N1	Q9LX13
Q0H8D7	Q94CA9
Q9M8R4	Q6NPS8
F4IYF8	Q9XFH4
Q681Z2	Q9FJP9
P54968	Q9SSP5
Q9M8T0	Q94B40
Q9M9N1	Q5ICL9
Q9M9N1	Q9FJX8
A4VCM0	Q9LMP1
Q0WVZ1	Q3EDL3
Q6ID70	Q9M1X4
Q9SRV7	Q9SSR2
Q9SQR8	P28188
Q9SQR2	P0CZ23
Q9SQQ7	Q8VXU9
P25858	Q9LZD7
F4J3Q1	Q500V8
Q9ZTP3	Q2V3I3
Q9SQZ9	Q9SRW7
Q05212	F4KDS0
Q05212	P93292
Q56XP4	Q39108
Q0WP44	Q9ZQA8
Q9MAB2	F4INY4
Q9M9V9	P55228
Q9M9W3	Q9FUQ7
Q9M9L7	Q9C5J6
B3H758	Q9C570
Q9M7T1	Q9STV0
Q9ASW1	Q8W1X2
Q9LDE1	Q9ZT71
Q93Y07	Q9M001
Q9C8Z4	Q9LML3
Q9SEE5	O48963
Q9C8Z9	Q9LDE1
Q9C522	Q9LQQ2
Q9ZPI5	Q6NKX1
Q39214	Q0WWT7
B3H7H1	O81148
Q9SRR8	Q9S7C0
Q9SRR2	F4HW65
Q9S7D2	Q8GW46
F4JFN3	Q9FIJ7
Q1H5B2	Q9LNK1
Q9C9Y7	Q9SZ75
Q9SR87	A0A1I9LTP5
Q9SR96	Q05085
Q9SR37	Q949W8
F4J181	Q9C9L0
Q9SF47	O23569
Q9SF35	Q42290
Q6IDB3	Q9SAA2
Q8LDN2	Q8LGH4
Q94JR1	Q9LF46
Q8RWY5	Q944A6
F4J2K4	Q8L6Z7
F4J2M6	Q6EWX1
Q9LPP3	Q9C5S1
Q9CAY7	F4J3C1
Q3EB87	Q7Y222
Q96291	Q9S724
Q9SF23	Q9SA96
F4J8K6	F4I9X6
Q9LH50	Q8RXF2
Q9C7D4	Q8GW20
Q9LKZ3	Q9FKT0
Q9LKZ3	Q84L33
Q9LHH3	Q9MAU6
Q9LHH3	F4JZH9
Q9LHH3	Q9SYZ4
F4JB05	Q5PP65
Q1EBV4	P42742
Q94AB4	Q9SMY8
F4JDB5	Q9SGI8
Q8VXU9	F4JJJ3
Q9LJD8	Q9SIC3
Q9LID6	Q9FLT4
Q9LIC4	Q8GZ07
Q93ZM7	Q7G959
F4JEL4	F4K5W5
Q8RWN9	Q9LES2
Q9LVK3	P53494
Q9LUE1	Q9STW4
Q9LUC1	Q9M9H6
Q9FPF0	Q7PC81
Q8W566	Q9SKZ7
F4IXI5	Q9T0L5
Q9LW08	Q500V2
Q8GXG1	Q9SLK0
Q93Z51	Q8GW53
Q9LK73	Q8L844
Q9LRZ5	Q9S7G2
Q9LSQ2	Q8GRT9
Q9LSP7	P55034
Q8RWG2	Q9C8B7
Q8RWG2	Q9SV41
Q93XW8	A8MQS6
Q9LVH5	Q9SUN3
Q9SWE5	Q8H0V1
Q5G1S8	Q9LEU9
Q9LII1	Q9FEF8
Q9LSA1	Q8LFH7
Q9LHN4	Q9ZNV4
Q6PUA2	Q5BPR8
Q9LT84	Q9LES2
Q9LT27	Q7Y211
Q39085	Q9XEE2
Q9LJY2	Q9FJZ9
Q9LTR2	Q9LKW9
P49077	P35614
P49077	F4I600
Q94JQ4	Q9FGC7
Q9LTQ0	Q9SSW2
Q9LTQ0	Q0WVJ5
Q9LTQ0	Q8GUP1
Q9LTQ0	Q9FY66
F4JEP5	Q0V7V4
O48915	Q9SAR0
Q9LIG9	F4I8X6
Q944H2	O81004
Q944H2	Q8W4S4
Q944H2	Q42290
Q9LSY5	Q9LSP0
O81098	A4VCL9
Q39219	Q9FYG2
Q9LUI6	Q9SLE4
Q39009	Q9M8Y4
F4J2T9	F4JP84
Q38825	Q6LA43
Q682V0	Q8LDP4
Q9LUG5	Q08112
A0A1I9LTS6	Q00917
Q9LIR9	Q9STI8
P30182	Q93VT9
Q9LIQ9	Q67XD9
Q9LIQ4	Q9LMQ3
P48641	Q84JF0
Q9LK08	Q9M042
Q9LHF2	F4IIG2
Q8H0W1	O82178
Q42561	F4KH14
Q9LSG5	Q9C9L6
Q38935	Q9SR23
Q38931	Q9FK59
Q9LI74	Q9M2E3
P0DI76	Q9FIY8
Q8RWN3	Q9STN3
Q9LUA5	Q9C641
P25873	F4IYZ0
P25873	Q9SR43
Q9LU97	Q9C593
Q6DR02	Q9LJY2
Q9LU86	Q9LY77
Q8H1F2	Q96326
O65785	Q9SF15
O65786	Q94AQ8
O65786	Q9SH08
Q9LIP4	P46283
Q38958	P50700
P25856	Q682Q6
P25856	Q7X9H2
Q9LSE4	Q6TLJ2
Q9LW27	Q9LUA3
Q9LSD8	A0A1I9LS70
Q66GK1	P11574
P27900	Q9C9H8
B3LFC1	Q0WRY1
Q9LH85	Q9STE8
F4J0B5	Q9FI98
Q9LJJ5	P93311
Q9MBG5	Q8LAI1
Q38864	F4IFC5
F4J1T2	Q9ASR1
P42738	Q8L586
Q9ZNV8	Q9SXZ2
Q9LJA2	Q9LXB0
F4J7V2	F4JRD3
Q9M2B0	Q93V88
Q9M1L1	B3H5N8
Q7XZU2	F4HRS2
Q9LXK9	Q9LTP6
F4IXW2	Q84L08
Q7G192	Q03251
F4IZ65	A4VCL8
Q9LZH5	Q8L9C4
Q9M291	F4JCT1
F4J339	Q6Q152
F4J355	F4K0E6
O22241	F4IMJ8
F4J376	P53492
Q9FYC5	Q84XV2
Q9LXH3	Q0WQM7
Q9M1F7	Q8W117
F4J6S4	P93741
B3H656	Q9LV08
Q0WVR4	Q9LXB4
O23629	A0A1P8B3U9
Q9LX85	Q9FIW0
Q42453	P0CH32
Q42453	F4K1T0
O82413	Q9LZ03
O82413	F4HUK6
Q9SNA3	Q0WT19
Q42541	Q38912
Q42541	Q9C5H5
P53497	Q9LRP7
Q9SNB7	Q949S6
Q9STE6	Q9SV22
Q9STE6	Q1PEH6
Q9STG6	Q9T0K7
Q9SD76	F4JVS4
Q6NMA7	Q9LRY1
P49078	Q9SXC4
Q9SN86	Q8L785
C0LGP4	O49448
Q9SN78	Q93VS8
Q9SN78	Q9FNE9
Q9SN73	Q8RYE9
Q8GYT9	F4KCN6
Q9SU63	Q39119
Q9SU72	Q9FWW9
Q0WV86	F4IUR7
B3H4X7	Q2V477
Q9STM3	P42644
F4JF18	F4JBA2
Q9SMP2	Q9LHA8
Q9SMP0	Q9FL33
Q9SMM7	B3H4X8
F4JF53	Q9LEV6
F4JF58	Q84JH2
F4JF59	Q9LUK6
Q9SMT1	Q9LSB4
Q9SMT2	Q9LQ81
P41127	Q94F88
Q9SG17	O49433
A2RVS6	Q96529
Q9SCK6	Q1PE40
Q0WTB4	Q8GUN2
Q9SN24	Q9SIN1
Q9SN12	F4JYI4
Q9SCZ4	Q8LPT1
Q96327	Q9SY09
Q9ZRT1	Q9ZSZ8
Q9SVC2	Q9FXE3
Q9SVC8	Q9FH82
Q9SVD4	F4K6B6
B9DHA6	Q8L8W5
Q8GUM5	Q9XIF4
Q9LXJ0	Q42139
Q8S340	Q9FDZ5
Q8L8A7	Q56YW9
Q6TBX7	Q94AC8
F4J9A0	Q6NLQ7
Q9SCN8	Q6NNH6
P42551	Q9FDZ9
P51566	Q9FHE4
P51566	Q9FPS0
O24466	Q93Z27
Q9M336	Q9LSX4
O24621	Q93VB8
O24621	O65571
Q7DMA9	Q9SP32
Q9M390	Q944H2
Q9M2U7	Q9M2Z1
Q9M1I1	Q93VH6
Q8W104	Q9SW96
Q6Q1P4	Q9FV70
Q9M1S9	F4JW44
Q9CB01	Q9S9K4
Q9M2W3	Q9FG58
P82538	P48529
Q0WVH0	P59271
Q9M2S5	Q9LXW7
F4IY62	Q9LFQ8
Q93ZK1	Q0WSF1
Q9LYN2	Q9SU58
Q9LYL3	F4K2A1
Q8VXZ7	Q8L742
Q9LYL0	Q9SSB4
Q9LYL0	F4K087
Q6NM71	P49692
Q9LXY7	Q9M0W4
Q9LES4	Q9C5U1
Q9LES3	Q9SJA4
Q9M591	Q9FHG3
F4J246	Q39072
F4J264	Q8RWP0
F4J284	F4HPZ9
Q9M682	Q9SRH6
Q9M2J3	B3H4Z4
P48578	Q8LGE3
Q84JR9	Q9SN09
Q9LXT3	Q9SXJ7
F4J738	Q9FDZ9
A0A1I9LLD6	F4JCZ1
Q9LX30	Q9LYQ8
Q9M1X9	Q9SH17
A0A1I9LN21	Q8L7L0
Q9M001	Q6NMB6
Q9M001	Q9SX22
Q8RWV0	F4I1T8
P59223	Q9FGI6
Q9M2D5	F4JG15
P38557	Q7Y216
P92964	Q8GYM6
P34791	Q9FVU0
Q9M1R4	Q9FFE4
Q9M1R2	Q6NPD8
Q9LZH9	O22267
Q9LZH9	Q9SZA7
Q9LZH8	P42698
Q8RX79	Q9STS7
Q9M1W4	Q9SLI4
A0A1P8B4K0	Q8RWF4
Q8VZJ9	P0CC32
O65258	Q93XM7
F4JHF1	P22197
O23095	Q9M098
O23081	F4JFN3
P0CE10	F4KHA2
Q9M153	Q9LRP8
O04603	O82344
O04603	O80575
Q9M128	Q9LI74
F4JHA2	Q8RU07
O81417	Q8S3F1
Q11207	Q9SF55
O49621	Q9M0W4
Q1G3K1	Q9SSQ9
F4JGB0	F4ISE1
F4JGB6	Q38899
Q8LFI5	O22137
Q9S9V0	P93753
Q9M0Z5	A0A1P8AX45
Q94AP0	Q9LUB2
Q94AP0	Q6NQL4
Q94BV7	A0A1P8B8B4
Q94A85	O64380
Q9M0W8	Q8VZ14
Q9M0V5	Q94A09
Q9S9V8	P93015
Q9ZQC0	Q42112
Q2V3L0	A8MRN0
Q2V3L0	P82620
Q681I0	Q9LFF6
F4JJ78	B3H5C8
Q9ZRV4	Q9ZPY7
Q9M0P8	P82620
Q38851	Q38884
Q38851	F4I9J7
Q9M0N8	Q9M337
Q9SZ92	Q8RWS6
F4JKS9	Q9LRQ1
F4JLJ2	Q93Y22
Q8GW25	Q9SPG1
Q9SN28	F4IWU7
Q9SN28	A8MS32
F4JLM5	P39207
Q9XF89	F4JHA2
Q9SZY1	Q9M084
Q9SZY1	Q7XJS0
Q9ZSA8	Q9FLY0
Q9SZY2	Q9LHJ3
Q9SZY2	Q9SQU2
Q9LD55	Q9LV32
Q9SZ69	Q9SJV5
Q9SZ70	Q39091
Q9SZ70	O04318
F4JQK3	F4IK96
Q8L742	Q9SJA7
Q9SU34	Q9LJC4
F4JRD3	F4J361
F4JRD3	F4JZK9
Q9SU24	F4IEU4
Q9SV79	Q9FG87
Q8L7B2	Q39043
Q9T0K2	Q9LMM1
Q94AR8	F4K1G2
Q9T0L5	Q70DU8
Q9T0G7	Q9M0Y5
P54144	P93736
Q9SVP6	Q9FE29
Q8L968	Q8L770
O23254	O04151
Q8VY62	Q9ZUP2
Q9LDN0	Q9T012
Q07356	Q9ZQ78
P58728	F4JV80
Q6NML5	Q9SKU1
O23346	F4ISV6
Q5XF36	P92985
O23361	Q9SZ45
Q9FR95	O64989
O23403	Q9C9I5
O23403	Q8GYJ9
O23403	Q9XQC7
Q38854	Q9AST9
O23429	Q9FJH0
F4JL11	Q9FVX0
Q5PNU3	Q9LJL8
Q9SUK9	Q9M1Z5
O23504	F4HT36
Q0WPK0	F4KB73
Q43315	Q8LF48
O23564	Q8L626
O23596	Q94A41
Q8W463	F4K390
Q6NNI6	Q94K75
Q6NNI6	O24621
Q9C5C4	Q42583
O49726	Q94K52
O49733	Q9SKZ7
Q9SN39	O04848
F4JSC0	F4JPJ1
O81852	Q9SB00
O81864	Q8LPK6
O81865	Q39256
P82753	Q9M2B0
F4JU09	Q9LHB3
Q940H2	Q8L7S8
O49429	Q8VYS4
Q9SUN3	O48946
Q9SVG9	P42043
F4JVN6	Q9SHY8
O49552	Q9FY49
O49552	Q5PNU0
Q9LDR8	Q9SUE7
Q84MD8	Q9SDN0
Q84MD8	Q9XJ36
O65418	Q9FFT6
F2Y4A3	Q9M876
Q8L7L1	Q9FX54
Q5YDB6	Q9C5P6
Q9SVS0	O82326
Q38898	Q9S829
Q38898	Q93ZN4
O49639	F4JD27
Q9SUW3	Q9T0J3
Q9C5S8	Q9LMJ4
Q8H199	Q9LSI4
Q8GWJ7	Q84TG3
F4JNL1	Q9ZPX5
Q93YP7	Q9LSW8
Q9SUQ3	Q9M876
F4JPD5	O23349
F4JPE9	Q4PSD1
Q6R3L0	O23553
F4JQ51	Q8LD46
Q9STX5	Q4JL84
P51567	Q9SYK5
F4JSJ6	F4IWB9
F4JSJ6	P26569
F4JSJ6	Q9LVI9
Q9STJ7	Q9LE86
Q39110	Q9SJN0
Q9SYS6	O49389
O65607	Q8L968
Q9M0K4	O65375
Q8GYX5	Q9C8C9
Q9SZZ8	O23512
Q9SW00	Q9LZD4
P49597	Q9FY54
Q9C5D7	Q94AP0
O23247	Q9SAH6
O23247	Q8S2T1
Q84K90	Q9SN28
Q84K90	Q8GX25
P22197	Q9FXE3
Q94EH2	Q8L7M3
B3H4K2	Q94AQ6
Q8LEG3	Q9LF03
P55852	Q9M1Y0
Q8H107	P46248
Q9S773	Q9FI15
Q3E9V8	F4K6L4
Q0WQG8	Q8L5Y0
Q9SUE7	Q9C744
Q9M0I6	Q9ZUU4
Q9M0I6	Q9LVV6
Q8LDU0	Q9C901
F4JL94	Q2V4G4
Q8W0Y8	O80891
Q5XF85	Q9LJD7
F4JM51	O04318
Q9ZPI6	F4HPR5
Q9SZD6	F4J8I0
Q42525	Q84JL2
Q42525	Q8W4E2
Q9SU78	Q9C7U7
Q3MV14	Q9MAI8
Q9SZR6	Q9ZQX7
F4JPJ1	F4IQJ2
P19456	Q96250
Q9SUM3	Q8L5Y3
Q9M0A0	Q9LPL6
Q94B52	O22886
O65569	Q8L5V0
Q9FPS3	Q9SIZ2
Q8GWT4	Q9FYJ2
Q9M084	Q9SS53
O49581	B7ZWR7
Q944Q9	P35131
Q9SV22	Q9FY67
Q9SV14	Q9FNM5
O81770	Q9GCB9
O81769	P56820
Q8GUP3	P59169
P51424	Q6NMJ9
Q8GY91	O64750
Q8RWY7	Q9SLH1
F4JUE0	Q9LIP9
P92960	Q1G3I0
Q9M076	Q8RYE9
Q6Q152	Q1PDP9
Q6Q152	Q9SRL7
O82647	O64773
Q9SZA7	Q9LI84
Q9SZB9	Q9M9Y9
Q941D6	Q9C5F3
A2RVW1	Q9SN73
Q9SZC9	P25860
O49482	O65090
O65686	Q9ZW14
O65693	Q8H0T6
F4JLH5	F4JJP1
F4JLI5	P93014
A8MQE1	Q9SGI8
Q9T008	Q9C634
Q8LFC0	P49592
Q8GX93	Q944G9
Q9SAR5	Q9FUZ2
P27450	P48349
O81793	Q9M2J0
Q8L540	Q94AD1
Q7XZP5	F4J556
Q9FYB5	Q9LNJ7
Q70E96	P27521
O23236	F4HXI4
O23220	Q8L7U5
Q94B08	Q8LB08
Q94AC3	Q8GUG7
Q94AC3	Q9FG73
O23176	Q8VY78
O23174	Q94BQ9
O23170	Q9M3C8
Q94K88	Q9SUM2
Q9SZT6	F4J326
F4JS25	O82623
P30183	Q8RWG2
O81108	Q9FL62
O81108	F4J128
Q9T074	Q9STS3
Q02971	Q9XI91
B3H6P6	O04193
F4JTP6	O65355
P43296	Q9FKK7
Q9FEN9	Q9LZ45
Q9SVA7	P93025
Q9SVA6	Q9LSI7
Q680I5	Q9SJD4
A8MRL0	Q8VY47
Q8W571	F4I5B8
Q9LFD1	Q9SV28
Q9LFD0	Q9ZV40
Q9LFC2	Q9FFU7
Q9M038	Q9LK23
Q8L940	Q9SF38
F4KDS0	Q9FE17
P37107	A0A1P8BDL4
Q9FYE4	Q8GY23
Q9FYE3	P11832
O22533	Q84L30
Q8GTR4	P94111
F4JWA1	F4I5B8
Q9LZ27	Q39022
Q9LZ17	Q9FMX0
Q9FF78	Q9FI17
Q9FF66	F4KFU8
Q9FF62	Q8L8A6
Q9FF62	Q1PDK3
Q9FI99	F4IUJ7
Q9FI87	Q9LG23
Q9FG38	F4K9U0
Q9FFZ6	Q9S7H8
Q9C5R8	Q9FH14
Q8L7K4	Q9M1H3
Q9FG08	Q94JX5
Q84JD5	F4KI56
Q9M5J9	Q9LJE5
Q9FL54	Q94K13
Q6XAT2	Q8H1F6
Q9LYP4	Q9FK72
Q4FE45	Q9FJ70
Q9LY17	F4IN23
Q9LY14	Q8L725
Q43316	Q9FN84
Q9FNN5	Q8L831
Q9FNN5	Q9C6Z2
Q9FNN3	O82243
F4KB54	Q9LTW2
F4KCH0	F4I8C2
F4KCK0	Q9LDI3
Q0WPX9	F4HRS2
Q8L4S3	Q8RWY3
F4KCL7	Q93W54
Q9FY66	Q9C5S2
Q9LDZ0	P37107
Q8VZJ1	Q9FE25
P53492	Q9FJX2
B3H6B0	Q9FIM4
B3H6B0	Q8VZB9
F4KGU4	Q8LGF7
Q9LX93	Q852U6
Q56X46	Q8S9J2
Q9LXB4	Q9SQH9
Q8LAY8	Q39022
Q9LEW3	Q9SN68
Q9S7H4	Q7XA65
Q9FY61	Q9M1I1
Q9LFP0	O23346
Q9LYG5	O22176
Q8VZK2	Q9ZQX7
Q9LYH6	Q9SF15
Q8GWI1	Q9ZQZ6
Q1PDX3	Q9SID2
Q9LXV2	F4HZI8
Q9LXV1	A0A1P8BG20
Q8H126	O23207
B7U179	Q9M0R0
Q9FY96	Q6STH5
Q9FY96	Q8VYD6
Q9FY96	P48731
Q9FY95	Q9FI17
F4K2J6	Q9C788
Q9LYR4	P29448
Q96251	Q9SR32
F4K410	Q9LPZ1
Q9FNA4	Q9M8T9
Q9ZSL6	Q42044
Q6ICZ8	Q9FJM0
Q6ICZ8	Q9FEA2
Q9M644	Q9FYJ0
Q94BY3	P82805
P42732	Q9S7J7
Q84K50	O81027
P42737	O23324
P54904	O49326
P54904	Q9SZT4
Q9LFR3	Q9LXK7
Q9LFR0	Q84K25
Q9LXG5	O82229
Q9LXG3	Q8L7H7
Q8GW49	Q9CAJ0
Q9LXG1	Q9LHH7
P46690	Q39057
Q9LXF1	P56762
Q9LXF1	Q0WWT7
Q9LF33	Q84JF2
Q9LF33	Q9FMF8
A5HEI1	Q9M0K4
Q9LFS8	Q9SP32
P42645	Q9ZT78
P42645	F4HQ22
F4KCN6	O22953
Q8VYW7	Q8GUU3
Q9FFF2	P17745
Q9FFE6	F4HQM3
Q9FFE0	Q949R4
Q9FMD9	Q43295
Q9FMD9	Q147F7
Q9SBA5	Q39023
F4KE69	Q93YR5
Q9SPU7	Q9C587
F4KGY6	P51418
Q6PQQ4	Q9XI31
Q8L8R4	Q9SYC8
Q9FN78	Q6AWV3
O50008	P42770
Q9FJG4	Q8RXK6
Q9FK60	O48773
Q9FK60	Q9C5Q8
Q9FK52	P0DI12
Q9SPM5	Q8LPL8
F4JWM0	Q1PEU6
Q94K76	Q9ZSJ0
Q8L8Z8	O81291
Q1PDV2	Q9SA55
Q3E9C3	O64753
Q8GUL8	Q9FIX8
Q8GUL8	Q9C6E4
Q8GUL8	Q9M8U1
B9DHT4	Q9SU24
Q29Q34	Q9LF33
Q84WJ9	Q5PP37
F4K2L8	Q6GKU7
Q9C5U3	Q9C8D9
Q9C5U3	Q8GWT4
Q94BQ2	Q8GZ42
Q94BQ2	Q9ZUG4
Q93ZH9	P47996
Q94BT0	O23234
Q93VG5	Q9FLE4
P84634	Q8W1E4
Q93VM8	Q0WML0
Q2V357	B9DGF6
Q9C595	Q9LRT1
Q9FMS0	Q9C9N3
Q9FMR6	P93749
Q9FK91	Q9FIY7
Q1PDU4	O82316
Q9FNJ2	Q9S804
Q9FNJ2	Q8RWZ5
Q9FN48	Q9SJB4
Q8VZJ5	Q03251
Q9LT00	Q9C551
Q9LSZ9	Q9S7U7
Q9LSZ5	P56799
Q9FF98	Q9XI76
Q9FNG1	Q9SMN5
Q9FNF2	Q0WV86
Q9FIN3	Q9C5H9
Q9FGE4	Q9ZVH3
Q9FLV0	Q43309
F4KIH8	F4IG73
Q8W1D5	Q38873
Q494P1	A8MRI8
Q39071	Q9C695
Q4PSE6	Q9FIZ3
P42043	O81346
Q94K14	Q683D4
Q8VZR2	Q9M1D0
F4JZT3	P37271
O04905	Q941I6
Q8W4E7	Q9FVR1
O04656	Q9ZWC8
O04652	Q9ZV19
F4K498	P60039
Q8LGA5	Q9ZUB2
Q8VZS0	O23404
Q8RXF8	Q4FE45
Q8W5S1	Q9SAB3
Q3E900	C0LGD7
Q8LDK5	Q9SEE9
Q0WRB2	Q93Z30
F4K5S0	Q9LH02
Q8L9R4	Q8L7K0
F4K739	F4HQH8
B3H7K4	Q9FZC1
F4K8J9	Q3E9V8
Q8GUN5	Q94CL7
O65220	Q8VZ55
O65220	Q941D3
O65220	Q43349
Q8VYL1	Q9SKI0
Q9LDI3	Q9STS0
Q2V0Z5	Q9SZR9
Q9FJS7	Q9LDM4
F4K1D8	F4IW10
F4K1G2	Q94A33
Q9LVY0	F4J220
Q9FG65	Q94ID3
B9DGD6	Q147I3
Q9FHW0	Q8GW24
Q9FHU1	F4I3A7
C0LGU1	C0LGQ5
Q1ECL9	Q9S7I8
P42644	Q8GYC1
A0A219HZL6	Q058N4
F4KCZ4	Q9ZUC7
Q9FID6	Q9SIF2
F4KEG7	B3H5E5
P49227	F4JD88
F4KFU8	Q8RW96
Q9FLE4	Q8RY22
Q9SPH0	Q84JG2
Q9FKS3	Q9ZUS8
Q1PDP3	Q9FNL6
Q9FLM8	Q9FF52
Q9LKI5	F4IJK5
Q9FN55	P42748
F4JYE9	O82653
Q9LSX5	Q9LE73
Q9FH02	Q941A7
F4K1J4	O04027
Q9FIG9	Q7XJN0
F4K328	Q9C9I7
F4K329	Q9SJ03
Q9FMM7	Q9MBG6
F4K7D5	Q9SKK4
Q9FNC1	Q9ZV31
Q9FI17	F4K688
Q9FI15	Q8VZU4
Q9FI10	Q9LHR4
Q570K8	Q5S4Y8
Q9LU08	Q9LQP8
F4KAB4	O04616
Q9LU01	Q9FMP8
A3EWL3	Q9FN34
Q9S7J8	F4IPY2
F4KBP5	Q93YP0
Q9FKF0	Q9FX68
Q9FKF0	Q9ZUL3
Q9FKE4	Q9LH31
F4KD71	P48578
F4KEM0	F4IV99
F4KG14	F4JBU0
Q9ZSR7	O24621
Q9FNK4	Q9LRP7
Q9FNK4	Q39199
Q8LGH4	O80573
Q39128	B3H765
Q94A38	P34802
Q9LS25	Q9SY02
Q9LVU1	Q9SG80
Q9FE79	Q9SHV6
Q9FI41	Q9C8Z4
Q8L7D5	Q6NMS3
P55228	Q43348
Q1H5E9	Q84JK1
Q9LV65	Q6NPL0
Q38936	Q6ID97
Q9FJL1	P93824
Q84Q60	Q84TJ7
Q9FGZ5	Q9C9U4
Q9AST5	Q6E260
Q9FGY8	Q9T041
Q8RWS6	Q93W28
Q8RWS6	O81291
Q8GZ99	F4JFN3
Q93W20	F4JP48
Q9LTX3	F4JUP8
Q8VY13	F4K452
Q8VY13	Q9SYS3
F4K8X8	F4K1R2
P0DI74	Q9SLF3
Q8H1Q2	F4IMH3
Q9FLH8	Q94B35
Q9FJ95	F4IC62
Q9FJ82	Q94AW8
Q9LTJ5	Q9FY95
Q9LTJ5	Q9ZQI2
Q9FHC8	Q682V0
Q9FLW9	P58223
Q9LVU8	Q9SIK1
Q9LVU5	Q8LPJ7
Q9FK12	Q9ZSY8
Q9SM23	Q8VZI4
F4JYQ8	Q9SQU6
Q9FN35	F4JI85
O04017	Q9SB04
F4JYU0	F4K8J4
Q9SPG6	O23044
Q8GYH5	F4IHG3
Q9FH37	P92981
F4K1T9	Q9SHU5
Q9FH33	Q96254
Q9FFT9	F4J117
Q9FJ70	F4J181
B3H721	Q8RUZ6
Q9FG71	Q93VH5
P51818	Q1PE89
F4K6B6	O48706
F4K6B8	Q9SRL2
Q9FH13	P59223
Q9FM91	P93812
Q9LVC0	O49538
Q9FJV0	Q9C9L5
Q94K07	P43291
Q9LU73	Q9SUS1
F4KAK0	F4IZC4
Q9LU68	Q9LU10
F4KAK5	Q9LHH7
Q38857	Q9LFW3
Q9FKL2	Q9SV87
Q9FJN6	Q0WQJ1
A0A1P8BA81	O23138
F4KDH9	Q93ZH3
Q9C562	Q9SUT5
Q67ZM7	Q93WB3
Q94BV2	Q9T0B9
P92985	Q9SD34
F4KGE0	Q3EB10
Q42540	F4J9M5
P53494	Q0WP44
Q6NMB6	Q9SR15
Q9LVG5	Q9FJR2
Q9FME4	Q42522
Q9FNR1	Q38900
Q9SAU2	Q8GYX8
Q1PDG8	Q9LRL7
Q9FKF7	Q9LVI8
Q9FKF6	F4HY32
Q9FIT4	Q9C6Z3
Q39189	Q2V419
Q9LVA9	P59223
Q8VZC3	Q8LEU3
P42746	Q9M376
O82481	F4JXN9
Q27GI3	F4J158
Q8W4R3	Q9LRL5
Q8W4R3	Q8VXZ9
Q5RJC5	P49211
Q9FFQ5	Q9FZ21
Q9FFQ4	Q8S9N6
Q9FFQ1	Q945N1
F4KAT5	F4I8J3
Q9LVN7	Q9LZZ9
Q9FMF1	Q9M8R4
Q1ECK2	Q9C8T2
Q9FLF3	B3H4N3
Q9FJP3	Q9SJ28
Q8GWC5	Q84JE8
B5X574	P48523
Q9FHN8	Q9ZVP5
Q05753	F4JF58
Q05753	O04202
Q9FK02	Q9LYG9
Q9FK02	Q9ZVS2
Q9FJY5	Q38936
A0A1P8BDL4	P34047
Q9LVR6	Q9LN03
Q9LVR5	Q9S7U5
Q9LVR1	Q9LQU4
Q1PDF5	Q9SA63
Q9FGC7	O48963
Q9FH95	Q8VY10
Q9FH91	Q9LYR4
Q9FN15	Q94K68
P56764	Q9SRX2
P50546	P38666
P56779	Q9FL44
P56796	B3H4N3
P56802	Q9FZ84
P56801	Q6NM52
P56795	Q9C718
P56805	F4KAK5
Q95747	P48491
P42792	Q9M0F9
P93298	P20115
P93310	F4I6G4
F4IL76	Q9LSA1
P92549	Q9SXJ7
P92559	Q6NPF9
A0A178US29	O64852
A0A178US29	Q8LPK5
A0A178US29	Q9FHB8
A0A178UW40	Q93XX5
A0A178VPF6	Q944J0
A0A1I9LM26	P59220
A0A1I9LN81	Q9FH40
A0A1I9LQZ0	Q9FNH6
A0A1I9LS30	Q9C7D7
A0A1I9LSV7	Q9C835
A0A1I9LSZ9	Q8VY23
A0A1I9LTW1	F4K1U5
A0A1I9LTW1	Q058I4
A0A1P8APG1	Q9LNJ5
A0A1P8APG1	Q9SV55
A0A1P8APQ0	Q84MD6
A0A1P8ARH5	Q949M9
A0A1P8AVI3	Q8LAZ7
A0A1P8B3G3	Q8L9S0
A0A1P8B912	Q9FFJ0
A0A1P8BCF4	F4JMI7
A0A1P8BCM4	Q9LH41
A0A1P8BGB9	P24100
A0A1P8BH81	Q9SXE5
A0A219HZL6	Q9FWR4
A8MQH6	Q9SKT5
A8MR80	Q9LD40
A9X4U2	F4IS71
B3H4L8	Q8H1G0
B3H5S2	Q9FX31
B4F7R9	Q8RYD9
B9DFF4	Q9LZD7
B9DFX7	B9DFX7
B9DFX7	O23145
B9DFX7	Q7X9H6
B9DG91	Q94K74
B9DGA0	Q9FI13
B9DHY8	O80902
C0LGD6	Q8RY98
C0LGD6	Q9SHI7
C0LGD9	Q84MB5
C0LGD9	Q8RY98
C0LGE4	Q8H129
C0LGN2	F4I4R0
C0LGN2	O49652
C0LGN2	O81210
C0LGN2	P25071
C0LGN2	Q7DMA9
C0LGN2	Q8GSF0
C0LGN2	Q8GXM8
C0LGN2	Q9C835
C0LGN2	Q9FVU7
C0LGN2	Q9SMX9
C0LGN2	Q9SNE5
C0LGQ5	Q84N34
C0LGR3	Q3E880
C0LGS2	Q9FHB8
C0LGT1	Q9M0B0
C0LGW2	Q8GUM3
C0LGW2	Q9LTX5
C0LGW2	Q9SJE9
C0LGW2	Q9ZU96
C0Z2L5	O81002
C0Z2L5	Q9FGX2
F4HPH2	Q9C7D7
F4HQB1	Q93Z00
F4HRU9	Q8H1F2
F4HXX2	Q07488
F4HXX2	Q9FX73
F4I1G5	Q9SHI7
F4I1Z0	Q9FJ77
F4I4R0	Q9AST5
F4I4R0	Q9LHA6
F4I764	Q9LII8
F4I7N5	Q9SA63
F4I8E9	Q8L9S0
F4IDV9	Q9C8J8
F4IHS9	Q8VZ58
F4IHS9	Q9M8T0
F4IK01	Q0WQX9
F4IK01	Q8RY09
F4IS56	Q9S744
F4IT98	Q8VZS6
F4J0D8	Q17TI5
F4J3V2	O80774
F4J3V2	P92935
F4J3V2	Q1HDT2
F4J3V2	Q9C9Z6
F4J3V2	Q9M021
F4J3V2	Q9SUY9
F4J6Z1	Q9FZ48
F4J819	Q6NMD6
F4JCU0	O23212
F4JH46	P57752
F4JH46	Q8VYS5
F4JH46	Q944J0
F4JH46	Q9LYI4
F4JL11	Q6NQ78
F4JM82	Q9C7D7
F4JMI7	Q6NQ51
F4JMN0	Q9LK55
F4JN22	Q9M3B3
F4JN35	Q8LA21
F4JRR5	F4JRR5
F4JS23	Q9LV46
F4JXK3	Q9LV28
F4JZD5	Q9FNH6
F4JZM4	Q94F23
F4JZM4	Q9LHA6
F4JZM4	Q9SHI7
F4K1J1	Q9LVU1
F4K1W7	Q8L466
F4K2U8	O49652
F4K2U8	Q8VYS5
F4K2U8	Q9FNH6
F4K5S0	Q9C889
F4K6B8	Q9LMN8
F4KBV0	Q9FWY7
F4KCK0	Q8LC68
F4KCK0	Q9LII8
F4KCL7	F4KCL7
F4KDH9	Q8VYW1
F4KIB2	Q8GYH0
O04086	Q9M272
O04294	Q2VWA2
O04294	Q84K72
O04294	Q8LPR2
O04294	Q9ASS9
O04294	Q9SX65
O04326	P82874
O04567	Q9C7D7
O04567	Q9SX96
O22211	Q9LRT1
O22252	Q9LY44
O22286	Q6NQ80
O22286	Q8VZ91
O22476	O22476
O22476	Q944A7
O22622	Q9M0B0
O22690	Q8VZW1
O22690	Q94BX2
O22703	Q8RWN5
O22768	Q9SKA5
O22808	Q9LUV2
O22833	O64852
O23164	Q8RY98
O23188	Q9SCK1
O23304	Q9AST5
O23304	Q9M132
O23320	P29383
O23693	Q8H1Q4
O23693	Q9C5C9
O23702	Q8H1D9
O23913	Q9LHA6
O24408	Q8L7G0
O24408	Q9LV27
O24457	Q9LQT8
O24646	O80536
O48737	Q9FJT7
O48767	Q84K25
O48963	O48963
O49429	Q9LPZ1
O49484	Q8W104
O49652	Q94F23
O49652	Q9FH21
O49652	Q9M5A9
O64852	Q29Q28
O64852	Q8RX77
O64852	Q9FJI4
O64852	Q9FK28
O64852	Q9FLG2
O64852	Q9LVR4
O64852	Q9SAH1
O65539	Q9LSP7
O65539	Q9LYI4
O65539	Q9SZP6
O80365	Q9ZNV9
O80623	Q9SHI7
O80763	Q84JA7
O80860	Q9SK33
O80871	Q9SSQ7
O80963	Q9FJB4
O81005	Q93WV0
O81027	Q84K25
O81055	Q9LUS6
O81071	Q9SZG0
O81077	P48491
O81316	Q9LVQ8
O81629	Q93ZH7
O81838	Q9T003
O81851	Q39222
O81851	Q9ZR12
O82132	Q7XYY2
O82308	Q9LUV2
O82324	Q94F58
O82799	O82799
O82799	Q17TI5
P0CJ48	P49599
P0DH92	Q9LNJ7
P0DH95	P43294
P0DH95	Q39019
P0DH96	Q9SGN7
P14713	P42497
P18064	Q29QC1
P21276	Q8VZ95
P24100	Q9LRY0
P27140	Q9ZU96
P30187	Q2V359
P31414	Q8RY98
P31582	Q8VZW1
P33077	Q9ZTX8
P35402	Q8L9S0
P35402	Q9LMN8
P35402	Q9M2M5
P35631	P35631
P38389	Q9SSQ7
P41568	Q8VZ95
P42742	Q9T003
P42753	Q9SCR2
P43255	P45432
P46639	Q9LDY9
P46639	Q9SU37
P46640	Q8S897
P47192	Q8VZW1
P47735	Q29PV4
P48002	Q38897
P48006	Q39237
P48491	Q9C994
P48732	Q9LJD7
P49177	Q9ZVN4
P49677	P49677
P49678	Q38825
P49678	Q38826
P51430	Q9SZI2
P53497	Q9ZSK2
P54144	P57752
P57752	Q2PE59
P58048	Q8RXS1
P59220	Q39010
P59220	Q42479
P59220	Q9FIW6
P59220	Q9MAB4
P59277	Q9FI47
P92528	Q9LYI4
P92941	Q8VZW1
P92941	Q9FZK5
P92942	Q9C7D7
P92948	Q42384
P92952	Q94JY4
P92958	Q944A6
P92958	Q9LVG2
P93048	Q9C7D7
P93735	Q8RYE2
P93735	Q9SX96
P93830	Q9ZTX9
Q00218	Q3ECS5
Q05466	Q147H2
Q07488	Q500Z4
Q07488	Q8GYH0
Q07488	Q940H3
Q07488	Q9LIN9
Q07488	Q9SFE9
Q07488	Q9SZG0
Q08466	Q8H1F2
Q08733	Q94CG2
Q08733	Q9LHA6
Q0PW40	Q8H129
Q0PW40	Q9M0V8
Q0V869	Q8VWI0
Q0WNP7	Q8GYC7
Q0WNY5	Q9C7D7
Q0WPQ2	Q9AST5
Q0WQ63	Q8GYH0
Q0WQ63	Q94CG2
Q0WSW1	Q9FNH6
Q0WUK0	Q67ZB3
Q0WV96	Q8L9M7
Q0WWQ5	Q39218
Q1EBV7	Q29Q28
Q1EBV7	Q9FK68
Q1EBV7	Q9SZG0
Q1ECF1	Q9LNW3
Q1H537	Q9LUV4
Q1H5D2	Q8RXL7
Q1PDZ2	Q9LNM6
Q1PE15	Q8LD98
Q1PE48	Q38798
Q1PE48	Q8LEC2
Q1PE48	Q8RY98
Q1PE48	Q8VYS5
Q1PE48	Q9LSP7
Q1PFV9	Q96326
Q29PQ8	Q9ZNV9
Q29Q28	Q9M0B0
Q29Q28	Q9ZU82
Q2HIM5	Q9LFG8
Q2HIM5	Q9LPR6
Q2PE59	Q8VZT3
Q38819	Q9LVD7
Q38824	Q8RYC8
Q38824	Q9C5X0
Q38824	Q9ZTX9
Q38826	Q9XFM0
Q38832	Q9ZSY8
Q38851	Q9LNJ7
Q38873	Q9LSP7
Q39019	Q9CAW9
Q39033	Q9LV90
Q39055	Q8W473
Q39057	Q9FGJ3
Q39080	Q9C835
Q39134	Q9AST5
Q39204	Q8W108
Q39231	Q9SHI7
Q39255	Q8LEA8
Q39258	Q8RY98
Q3E912	Q6NQ51
Q3E965	Q9FNH6
Q3EB02	Q9C595
Q3EB02	Q9SX96
Q3ECE3	Q96331
Q42093	Q8L9S0
Q43725	Q8W108
Q494Q0	Q9M0B0
Q4PL95	Q8L9S0
Q4PS45	Q9SHI7
Q4PSF4	Q9M132
Q500Z4	Q9LU58
Q501E6	Q9SU67
Q56WK6	Q9FNR3
Q56ZN6	Q84N34
Q56ZN6	Q8RY98
Q58CM8	Q9SIT9
Q5KS41	Q9FHB8
Q5XET5	Q9S7L6
Q67ZM7	Q9M9S6
Q6AWX4	Q9LPD5
Q6ID77	Q9ASS9
Q6NLH0	Q8GTS1
Q6NM17	Q9STI6
Q6NMB6	Q94K74
Q6NPD4	Q9SUL8
Q6NPD8	Q84N34
Q6NQ48	Q8H1S2
Q6NQ51	Q9LIL4
Q6NQ51	Q9LY44
Q6NQ63	Q9SK03
Q6NQG7	Q94K66
Q700E4	Q9FLI1
Q7G188	Q7G188
Q7XJ62	Q8LA53
Q84JD6	Q8W4I4
Q84JD6	Q9LUF8
Q84JD6	Q9S7I6
Q84JI2	Q9C9L2
Q84JK2	Q84JK2
Q84JQ4	Q9CA89
Q84K05	Q9STS3
Q84K38	Q8RYE2
Q84L31	Q9MAL9
Q84LH8	Q9LKL2
Q84MB2	Q8LF89
Q84MB2	Q8VYJ6
Q84MB2	Q9LHA4
Q84MB5	Q9FRS6
Q84MB5	Q9ZTZ7
Q84ME1	Q9LHG1
Q84N34	Q945F0
Q84N34	Q9LIC7
Q84N34	Q9M8T0
Q84N34	Q9SID2
Q84N34	Q9SNE5
Q84N34	Q9SSR2
Q84TE8	Q9XHZ3
Q84VW0	Q8VYK7
Q84W98	Q9FII5
Q852U6	Q9FMR6
Q8GSF0	Q8GYC7
Q8GSF0	Q8LBX7
Q8GUN1	Q9FWR4
Q8GW19	Q9MA83
Q8GW24	Q9SCK1
Q8GW47	Q8GW47
Q8GWD1	Q8LAZ7
Q8GWJ7	Q9C835
Q8GX23	Q9FNH6
Q8GX92	Q9LPN5
Q8GXB3	Q9FE63
Q8GXH4	Q9C7D7
Q8GXK5	Q9LPN5
Q8GXL7	Q8GXL7
Q8GXM8	Q9LQM3
Q8GXM8	Q9XFM6
Q8GXN2	Q9SX96
Q8GXW1	Q9MAA7
Q8GYH0	Q9LF32
Q8GYH0	Q9ZU46
Q8GYH0	Q9ZW05
Q8GYS8	Q8VZW1
Q8GYX3	Q8H1E5
Q8H0T6	Q8RYE2
Q8H0U2	Q9SJE9
Q8H101	Q94CG2
Q8H129	Q9LDR2
Q8H129	Q9M8T0
Q8H129	Q9ZPR4
Q8H175	Q9S7W5
Q8H185	Q9SAJ4
Q8H1E5	Q9FM96
Q8H1F1	Q9LZL7
Q8H1F2	Q9FE18
Q8H1F2	Q9SN15
Q8H1F2	Q9SU88
Q8H1F3	Q9S7L6
Q8L4D8	Q9LNB6
Q8L4R0	Q9LNM6
Q8L4X4	Q9LHA6
Q8L586	Q8VZW1
Q8L586	Q94F58
Q8L5A1	Q8LG88
Q8L797	Q8LC68
Q8L7A6	Q9ASS9
Q8L7H7	Q8LPK5
Q8L7M1	Q8RXS1
Q8L7S4	Q8RXD6
Q8L7W3	Q8L7W3
Q8L7Z0	Q9ZVA5
Q8L8N3	Q9LNK7
Q8L9S0	Q8RWZ6
Q8L9S0	Q9FFB7
Q8L9S0	Q9M9U3
Q8L9S0	Q9M9V7
Q8L9S0	Q9ZUH3
Q8L9S0	Q9ZUT3
Q8L9S0	W8PV80
Q8L9Y4	Q9SYG2
Q8LA96	Q9LUY6
Q8LAA6	Q9LU58
Q8LAA6	Q9LUV2
Q8LAS7	Q94C40
Q8LAS7	Q94CG0
Q8LAS7	Q9XIW0
Q8LAW2	Q9S744
Q8LAZ7	Q9AST1
Q8LAZ7	Q9FMR5
Q8LBK6	Q9FIC3
Q8LCY3	Q9C835
Q8LD98	Q8VYA3
Q8LD98	Q9SLK2
Q8LEC2	Q8VZ58
Q8LEC2	Q9M2V7
Q8LEC2	Q9M3B3
Q8LEF3	Q8RWZ3
Q8LEK2	Q9SUL8
Q8LGE3	Q9FHW2
Q8LLD4	Q9FJH0
Q8RWE9	Q9LEV7
Q8RWI9	Q8RY98
Q8RWW0	Q94K74
Q8RWY3	Q9FFH1
Q8RX77	Q8RY98
Q8RXD8	Q93Z00
Q8RXZ4	Q9C8I6
Q8RY98	Q8VY23
Q8RY98	Q9C821
Q8RY98	Q9SJA2
Q8RY98	Q9SQH6
Q8RY98	Q9ZW05
Q8RYE2	Q9SA06
Q8RYE2	Q9SX83
Q8VYS5	Q9SN80
Q8VYS8	Q9CAG5
Q8VZ48	Q8VZW1
Q8VZ58	Q9C835
Q8VZ93	Q9FVU9
Q8VZ95	Q94F58
Q8VZ95	Q9FFK1
Q8VZ95	Q9FKU4
Q8VZ95	Q9M1D0
Q8VZ95	Q9ZVX8
Q8VZE5	Q9LRY5
Q8VZP6	Q9T0A8
Q8VZQ4	Q9T0I5
Q8VZR6	Q9AST5
Q8VZS6	Q9SUQ9
Q8VZU2	Q8VZW1
Q8VZU9	Q940U5
Q8VZW1	Q9FVX3
Q8W0Z7	Q8W0Z7
Q8W0Z9	Q9LSC7
Q8W469	Q9FJT7
Q8W4J8	Q9SCK1
Q8W4R6	Q9M0B0
Q93VH5	Q9C889
Q93W34	Q9LX90
Q93XY2	Q9LZM7
Q93Z00	Q9C9I0
Q93Z00	Q9SA19
Q93Z00	Q9SGP6
Q93Z00	Q9SJG4
Q93Z00	Q9SUH1
Q93ZH9	Q949S3
Q940S0	Q9FXJ4
Q941L0	Q9SX96
Q944G6	Q94BW0
Q944G8	Q9ZU96
Q944G8	Q9ZW11
Q944J0	Q94CI7
Q944J0	Q9LRB5
Q944J0	Q9SLV0
Q944J0	Q9SSR2
Q949M9	Q94JR6
Q949S3	Q9LNM6
Q949S4	Q9LUY6
Q949S4	Q9M1J1
Q949S4	Q9SZZ4
Q94AU9	Q9FWY7
Q94AY3	Q9LIK0
Q94C77	Q9CAN1
Q94CG2	Q9C508
Q94CG2	Q9FH21
Q94CG2	Q9FL61
Q94CG2	Q9M6N7
Q94CI7	Q9C7D7
Q94F23	Q9LU58
Q94F23	Q9LVD9
Q94F58	Q9FL61
Q94F58	Q9FRL3
Q94F58	Q9FZ96
Q94F58	Q9LRA9
Q94F62	Q9ZVR7
Q94ID6	Q9SIV3
Q94JM3	Q9C5X0
Q94K72	Q9SSR2
Q94K74	Q9LUH2
Q94K74	Q9XEC5
Q96247	Q9M0B0
Q9ASS4	Q9M2Z4
Q9ASS4	Q9SHI7
Q9ASS4	Q9XII4
Q9ASS9	Q9SFF4
Q9AST5	Q9C5I0
Q9AST5	Q9LY77
Q9AST5	Q9M3D6
Q9AST5	Q9S9M2
Q9AST5	Q9STT5
Q9ASW4	Q9M155
Q9C5J7	Q9M1P2
Q9C5U2	Q9C5U2
Q9C5X3	Q9ZSD4
Q9C658	Q9SU94
Q9C6B3	Q9FLP3
Q9C6B3	Q9LYH2
Q9C6D0	Q9ZQH1
Q9C7D7	Q9FEP7
Q9C7D7	Q9FG24
Q9C7D7	Q9LPD7
Q9C7D7	Q9LTR2
Q9C7D7	Q9LY77
Q9C7D7	Q9M345
Q9C7D7	Q9SIZ4
Q9C7D7	Q9SRZ3
Q9C835	Q9LY77
Q9C835	Q9SJH9
Q9C835	Q9SX98
Q9C889	Q9LIC6
Q9C8J8	Q9CAC5
Q9C8J8	Q9FX99
Q9C900	Q9FZB1
Q9C900	Q9ZW05
Q9C920	Q9S7W5
Q9C977	Q9LII8
Q9C9L2	Q9M810
Q9C9Y6	Q9SHI7
Q9CA76	Q9LIN9
Q9CAC5	Q9LUH2
Q9CAL3	Q9LSP7
Q9FE70	Q9LSP7
Q9FFZ0	Q9FGG8
Q9FG72	Q9LIN9
Q9FGJ3	Q9SMP0
Q9FGK4	Q9SX96
Q9FHB8	Q9SZ51
Q9FHN8	Q9LFA2
Q9FHW7	Q9LEX0
Q9FHW7	Q9LPL4
Q9FHW7	Q9STX3
Q9FHW7	Q9ZUH0
Q9FIC3	Q9FIC3
Q9FIG9	Q9XII1
Q9FIZ9	Q9SHI7
Q9FJB4	Q9S7I6
Q9FJB4	Q9SR93
Q9FJT7	Q9LT02
Q9FJT7	Q9M2F1
Q9FJT7	Q9SZP6
Q9FK28	Q9FNH6
Q9FK55	Q9FZK5
Q9FM10	Q9ZV66
Q9FMX2	Q9LQF0
Q9FNA1	Q9FNA1
Q9FNH6	Q9SLC3
Q9FNH6	Q9ZW05
Q9FTA2	Q9LT89
Q9FTA2	Q9SJ96
Q9FVC1	Q9S7Q7
Q9FVS6	Q9XI00
Q9FWR4	Q9SUI0
Q9FWY7	Q9LMX4
Q9FWY7	Q9SIC8
Q9FX73	Q9SZP6
Q9FZK5	Q9M1B4
Q9FZK5	Q9SA23
Q9LDC0	Q9LNM6
Q9LF57	Q9LIC7
Q9LH80	Q9SR93
Q9LIC7	Q9ZVF1
Q9LII8	Q9SEU6
Q9LIK0	Q9LZW4
Q9LIP1	Q9LMN8
Q9LK55	Q9SLC0
Q9LMP7	Q9SJ61
Q9LPN5	Q9LU01
Q9LRP1	Q9XIN6
Q9LRT1	Q9LSP7
Q9LSI9	Q9S744
Q9LSP7	Q9M0A4
Q9LSP7	Q9SJE9
Q9LTM4	Q9SHI7
Q9LTR2	Q9T0G6
Q9LUF8	Q9M0B0
Q9LVD9	Q9SHI7
Q9LVN2	Q9SZG0
Q9LVP0	Q9SZG0
Q9LVR8	Q9SA00
Q9LVU1	Q9ZT63
Q9LVU1	Q9ZU96
Q9LXS7	Q9SJH7
Q9LYC1	Q9SLH3
Q9LYI4	Q9SLC3
Q9LYI4	Q9ZQC2
Q9LYI4	Q9ZUT3
Q9M053	Q9S7W5
Q9M0B0	Q9M3B3
Q9M0B0	Q9SUI0
Q9M2E2	Q9ZR79
Q9M2V7	Q9SX96
Q9M2Z4	Q9M5A9
Q9M336	Q9STF5
Q9M3C7	Q9ZUI1
Q9M9S6	Q9SHI7
Q9MA83	Q9XIF4
Q9S744	Q9SYP2
Q9S7W5	Q9SK46
Q9S7Y1	Q9XIN0
Q9SAH1	Q9SZG0
Q9SAU2	Q9SAU2
Q9SHI7	Q9STT5
Q9SIY7	Q9SSQ7
Q9SJ60	Q9SL04
Q9SLC0	Q9STY0
Q9SN58	Q9T0A7
Q9SQR3	Q9SQR3
Q9SRN0	Q9ZUN5
Q9SW27	Q9SW27
Q9SY29	Q9SZP6
Q9SY89	Q9SZG0
Q9SZG0	Q9ZUT3
Q9XFM6	Q9ZU82
Q9ZW11	Q9ZW11
